Java Language ,Sentimen (1 : Positif,Indonesian Language 
Tak kiro uripku sing paling ruwet  jebul akeh sing luwih ruwet,-1,Saya rasa hidup saya yang paling rumit ternyata banyak yang lebih rumit
Pertanyaan paling pekok dalam yang yangan,-1,Pertanyaan paling bodoh dalam pacaran
Mbiyen karo mantanmu wis pernah ngono ngono opo ora ,0,Dulu sama mantanmu sudah pernah gitu-gitu tidak
Mas  lagu seng cocok kangho koww mas  Aftershine   Aku Ikhlas ,0,Kak lagu yang cocok untuk kamu kak Aftershine saya ikhlas
Mie seng kaku  setengah mateng  Mie ne wae sing kaku dee ojo ,0,"Mie yang kaku setengah matang, mienya saja yang kaku dia jangan"
Wis males dinggo yang yangan  pengene langsung rabi wae karo sing gelem serius  ,0,"Sudah malang dengan pacaran, inginnya langsung menikah saja dengan yang mau serius"
Males banget kudu PDKT   jadian   padu mungï¿½ ,0,"Malas banget harus PDKT, jadian, bertengkar"
2020 ketok abot banget  ujiane ngene banget  Rencana indah opo ya sing lagi Gusti Allah siapke nggo awakdewe  ,1,"2020 terlihat berat banget, ujiannya begini banget, rencana indah apa yang sedang disiapkan Allah untuk kita"
Golongan sing ora oleh prakerja  banpres  bpjs  lan atine dee,0,"Golongan yang tidak dapat prakerja, banpres, dan hati dia"
Termasuk aku iki wong ruwet haha ,-1,Termasuk aku ini orang yang rumit haha
Masyaallah mas atine njenengan jembar banget  sing semangat mas  mugi gusti menehi halhal sik sae kanggo njenengan lan keluarga ,1,"Masyaallah kak hatimu sangat lebar, yang semangat kak semoga tuhan memberi hal-hal yang bagus untuk kamu dan keluarga"
Nek aku sih tak tinggal cuk  Wes rak bener nak model ngene iki ,-1,"Kalau aku sih aku tinggal cuk, sudah tidak benar kalau seperti ini"
nyatanya pertanyaan kayak gini masih sering di tanyakan oleh sebagian orang wkwkk ,0,nyatanya pertanyaan seperti ini masih sering ditanyakan oleh sebagian orang
Jenengan pancen top mas ,1,kamu memang top kak
Yo nek niate hubungan kuwi ge serius kedepane yo ra mslh to  Ben pdo ngerti njobo njerone apik eleke  ,1,"ya kalau niatnya hubungan itu buat serius kedepannya, ya tidak masalah kan agar sama-sama mengerti luar dan dalam, bagus dan jeleknya"
Aku gak pernah takon ngeneki ik  Nek wis milih kui ya berarti harus siap menerima dirinya dan masa lalunya ,1,"saya tidak pernah bertanya seperti ini, kalau sudah memilih dia ya berarti harus siap menerima dirinya dan masa lalunya"
koe tau takok ngno mesti  ,0,kamu pernah bertanya seperti pasti
Eh lali kan saiki wes ra ndue yang ,0,eh lupa sekarang kan sudah tidak punya pacar
Atimu digawe seko opo jane mas semangat mas semoga keputusanmu yg terbaik  beruntung banget dadi mbak e,1,"hatimu terbuat dari apa sebenarnya kak? Semangat kak semoga keputusanmu yang terbaik, beruntung banget jadi kakaknya"
Mugo suatu saat sampean ga getun mas  Soale kadang pilihanne dewe isoh marai getun  ,0,"semoga suatu saat kamu tidak menyesal kak, karena terkadang pilihan kita bisa membuat menyesal"
Pas wektune  mugo ketemu karo sing ora mung tresno awakmu  ,1,diwaktu yang tepat semoga bertemu dengan yang tidak hanya cinta kamu
Tapi yo pinter nresnani keluargamu  gemati  ,1,tapi juga pintar mencintai keluargamu penyayang
Pengen maturnuwun karo awakku dhewe  ,1,ingin berterima kasih dengan diriku sendiri
Sing wis isoh kuat ngadepi masalah masalah sing ono  isoh sabar lan tetep dadi pribadiï¿½ ,1,"yang sudah bisa kuat menghadapi masalah-maslah yang ada, bisa sabar dan tetap jadi pribadi"
Logika ne digae mas  modal sayang tok samean yo ajur  Ya Allah sedih pol aku moco jan susah ,0,"logikanya dipakai kak, modal sayang saja ya kamu hancur, ya allah sedih banget aku bacanya sangat susah"
Kabeh menungso ki tetep nduwe masalah uripe dhewe sing beragam  enteng lan abot  ,1,semua manusia itu tetap mempunyai masalah hidup yang beragam
Dadi  nek kowe ndelok enek sing ketoke bahï¿½ ,0,jadi kalau kamu melihat ada yang terlihat
Gajiane  dicelengi   ,1,gajiannya ditabung
Kapan rabine nek pengen iki pengen kae  kabeh di tukoni padahal ra butuh butuh banget   ,0,"kapan menikahnya kalau pengen ini pengen itu, semua dibeli padahal tidak dibutuhkan banget"
Rapopo sih jomblo  ,1,tidak apa-apa sih jomblo
Wong nek wis masak mie rebus  endoke dua wae wis bahagia,1,kalau sudah masak mie rebus telurnya dua saja sudah bahagia
Awakku awakku  rapopo ngger sabar yo ngger yo ,1,"diriku, tidak apa-apa yang sabar ya"
Kita kembalikan ke masing masing pihak  mau bener bener tau semuanya  atau gimana   ,1,"kita kembalikan ke masing-masing pihak, mau benar-benar tahu semuanya atau bagaimana"
we ki sabar po geblek mas  ,0,kamu ini sabar atau bodoh kak
mas semangat terus ya  kowe wing apik mesti entuk balesan sing luwih apik meneh suatu saat,1,"kak semangat terus ya, kamu orang baik pasti dapat balasan yang lebih baik lagi suatu saat"
Gusti berkahi mas sing kuat masio guduk koe seh wayah e nanggung ,0,tuhan berkahi kakak kekuatan meskipun bukan kamu yang harusnya menanggung
Ora malem minggon sik  kerjo nggo golek duit sing akeh nggo mbangun candi  ,1,"tidak malam mingguan dulu, kerja untuk cari uang yang banyak untuk membangun candi"
kesalahan bisa toleran kecuali perselingkuhan  tapi hatimu jembar mas  tetep semangat mas  ,1,kesalahan bisa toleran kecuali perselingkuhan tapi hatimu sangat lebar kak tetap semangat kak
Berharaplah kepada Allah  sing ora pernah ngecewakne  ,1,berharaplah kepada allah yang tidak pernah mengecewakan
Aku rak paham artine ,0,aku tidak paham artinya
Yang pasti tanya hatimu mas   kamu bisa enggak menerima anak itu dan ibunya  Kalau ga bisa menerima lahir batin,0,"yang pasti tanya hatimu kak, kamu bisa atau tidak menerima anak itu dan ibunya, kalau tidak bisa menerima lahir dan batin"
Cowok langka  fiks no debat ,0,"cowok langka, fix no debat"
Mugo ikhlas mu d bales suargo mass ,1,semoga ikhlasmu dibalas dengan surga mas
Sering ku ajukan ,0,sering saya ajukan
Mas plis mundur o wae  ojo tanggung jawab seng kui uduk kesalahanmu  ,-1,kak tolong mundur saja jangan tanggung jawab yang bukan kesalahanmu
Nik misale kui tenan  jan salut tenan ro mase ,1,"kalau misalnya itu beneran, sangat salut sama kakaknya"
Aku wis ratau nganggo emot kui saiki wong ratau ono sing ngechat ,0,aku sudah tidak pernah memakai emoji itu sekarang karena tidak ada yang ngecha
Kita Hanya sebuah Moments yang tidak pernah jadi Komitmen  ,0,kita hanya sebuah moment yang tidak pernah jadi komitmen
Dipekso kudu ngguyu  ,0,dipaksa harus tersenyum
Dijajah roso rindu   ,0,dijajah rasa rindu
Di rampungke siji siji  ,1,diselesaikan satu-satu
Wis to  kuat kuat  ,1,sudah kuat-kuat
Kudu kuat ,1, harus kuat
Sing tenang ,1,yang tenang
Kuat ra kuat kowe kudu kuat  nek umpomo kowe nyat ra kuat  pokok e kudu kuat   ,1,"kuat tidak kuat kamu harus kuat, kalau misalnya kamu tidak kuat pokoknya kamu harus kuat"
Ngomonge gampang  ngelakonine setengah modar,-1,bilangnya gampang menjalaninya setengah mati
Wis to  kuat   kuat    ,1,sudah kuat-kuat
Karo campor misuh yorapopo ,-1,sama campur berkata kotor juga tidak apa-apa
Sek penting mangan ,1,yang penting makan
kuat kuat  rapopo  bismillah ,1,"kuat-kuat, tidak apa-apa bismillah"
Demi kowe segoro tak sebrangi  Tapi yo numpak kapal boss  mok pikir aku mermaid  ,0,"demi kamu lautan aku sebrangi tapi ya naik kapal, kamu pikir aku mermaid"
ra ketang remuk ,0, tidak hanya hancur
Kesel leren  ,1,capek istirahat
Luwe mangan ,1,lapar makan
Ngantuk turu  ,1,mengantuk tidur
Tapi ojo mandek ,0,tapi jangan berhenti
Kuat insyaAllah ,1,kuat insyaallah
pendekar kok opo opo dewe wani to yoo    ,1,pendekar kok apapun sendiri berani ya
Kadang iseh kepikiran  sing mbiyen tau nglarani banget kae opo saikine nyesel ya wis pernah nggawe aku porak poranda  ,0,kadang masih kepikiran yang dulu pernah menyakiti apa sekarang menyesal ya sudah pernah membuat aku porak poranda
yen di tlateni hasile yo lumayan ,1,kalau ditekuni hasilnya ya lumayan
proses menuju ikhlase sik abot batss    ,0,proses menuju ikhlasnya masih berat banget
Gampang minta maaf padahal ra salah  ,0,mudah minta maaf padahal tidak salah
Yo edanane ngasi meteng ro wong lio kw jik nompo    ,-1,ya gila saja hamil dengan orang lain kamu masih menerima
Kui hyangmu lho      ,0,itu pacarmu loh
Dudu wong lio seng tinggal meteï¿½ ,0,bukan orang lain yang tinggal hamil
butuh testi ra ikii  aku banget e ,0,"butuh testimoni tidak ini, aku banget soalnya"
Wkwkwkwk pengen ngetag orangnya  nya to gak ada Twitter dia   ,0,wkwkwk ingin ngetag orangnya tapi tidak ada twitternya
Valid no debat  Silakan dicoba work it banget buat yang pengen di sio sio trus ditinggalne  ,-1,valid no debat silahkan dicoba work it banget buat yang ingin di sia-siakan terus ditinggalkan
Aku pas goblok gobloke  ,-1,aku waktu bodoh-bodohnya
Jelas makanya bingung ngono wae iseh isoh di sia siake kok trus kon piye neh horog     ,0,makanya bingung begitu saja masih bisa disia-siakan terus harus bagaimana lagi
Karo sambatan ya rapopo sing pinting ono progrese ,0,sambil mengeluh juga tidak apa-apa yang penting ada progresnya
aku banget iki  ,0,aku banget ini
wes hop  kesel disia siakno terus ,1,sudah berhenti capek disia-siakan terus
Iki jelas ciri ciri nek pengen gawe loro ati dewe   ,0,ini jelas ciri-ciri kalau pengen buat sakit hati sendiri
wes cukup setop mandeg o disik ,1,sudah cukup berhenti dulu
sabar  Satu per satu pasti,1,sabar satu persatu pasti
wis tak lakukan tp dee acuh yowis bah ,0,sudah aku lakukan tapi dia acuh tak acuh yasudah
Iyoo cik    mangkane saiki bodo amat ae cuek itu perlu sekali  Bah karep e ngurus awakku dwe ae   ,0,"iya makanya sekarang bodoh amat aja cuek itu perlu sekali terserah, dia mengurus diriku sendiri saja"
Sabar sing kuat lakoni tanpo sambat ,1,sabar yang kuat menjalani tanpa mengeluh
Semakin di kejar semakin lepas huhu ,1,semakin dikejar semakin lepas huhu
wes koyo ngono tapi seh disiasiake ,0,sudah seperti itu tapi masih disia-siakan
Healah ngunu to tibake  nembe ngerti  ,0,oh begitu ternyata baru tahu
Aku pas goblok2 e tapi tep tak lakoni    ,0,aku waktu bodoh-bodohnya tapi tetap aku lakukan
tutorial menyakiti diri sendiri ini mah  ,-1,tutorial menyakiti diri sendiri ini
jelas  makane sing dilakokne kebalikane  ,0,jelas makanya yang dilakukan kebalikannya
wes lah angel angell ,-1,sudahlah susah-susah
Ya Allah  sabar nggih mas    ikhlas    Mugi angsal gantos ingkang luwih sae  dan kedepannya jadi pengalaman buat lebih aware      ,1,ya allah sabar ya kak ikhlas semoga dapat pengganti yang lebih baik dan kedepannya jadi pengalaman buat lebih aware
Innalillah apa itu yang di namakan    Mergo cinta   ,0,innalillah ap itu yang dinamakan karena cinta
Semangat mas e  kamu orang baik  ,1,semangat kak kamu orang baik
LAH IKI KOK AKU KABEH ,0,lah ini kok aku semua
Ya panggah ampun tok ,0,ya tetap ampun saja
nyesel ra gemati neng wong sing rapeduli ro kon blas ,0,menyesal tidak sayang sama orang yang tidak peduli samasekali denganmu 
alon alon penting kelakon ,1,pelan-pelan yang penting terlaksana
Oalah pantes mbiyen aku di siosio ,0,oh pantas dulu aku disia-sia
Oallah pantesan wkwk kerep banget disio sio    ,0,oh pantas dulu aku disia-sia
ra kuat yo nyerah wae  wes to gusti ngerti kok sek kon arepke ,1,"tidak kuat ya ,menyerah saja sudahlah tuhan mengerti kok apa yang kamu inginkan"
Ini adalah bukti  bahwa cinta dan goblok itu kaceknya sitik  ,0,ini adalah bukti bahwa cinta dan bodoh itu selisihnya sedikit
Aku nduwe pengalaman loro ati sing nek di eling eling marai mbatin ï¿½pekok banget yo akuï¿½ ,0,aku punya pengalaman sakit hati yang kalau diingat membuat mengelus dada bodoh banget ya aku
Aduh aku di luwe    ,0,aduh aku lapar
Lha jare nek rung goblog rung cinta oge haha ,0,lah katanya kalau belum bodoh belum cinta kok haha
Kuat rak kuat tetep kudu dilakoni Arep piye maneh Arep nangis tapi isin ,0,kuat tidak kuat tetap harus dijalani mau bagaimana lagi mau menangis tapi malu
Mantap mas kowe pol tenan ,1,mantap kak kamu sangat maksimal
Lagi pisan pegel goro  skripsi mas,-1,lagi kesal juga karena skripsi mas
Westau digawe loro  saiki wes gede kudune paham ngati ngati bab ati  Sekirane disia siake raperlu sok bakoh alesan berï¿½ ,1,sudah pernah dibuat sakit sekarang sudah besar harusnya paham hati-hati kalau urusan tentang hati kalau disia-siakan tidak perlu sok kuat alasan
Emote gambar mantane yakne bro  ,0,emojinya gambar mantannya seharusnya bro
sego endog tetep menggoda ,0,nasi telur tetap menggoda
oh mugakno aku disio sio ditinggal pas sayang sayange pas lagi jero jerone dee milih gendak rono rene ,-1,oh pantas saja aku disia-sia ditinggal pas sayang-sayangnya pas lagi dalam-dalamnya dia memilih kencan sana sini
Kopine ndi  ,0,kopinya mana
Ya Allah  sabar nggih mas    ikhlas    Mugi angsal gantos ingkang luwih sae  dan kedepannya jadi pengalaman  ,1,ya allah sabar ya mas ikhlas semoga dapat pengganti yang lebih baik dan kedepannya jadi pengalaman
Oalah ngene to konsepe  wes ra meh ko ngunu neh ,0,oh begini konsepnya sudah tidak mau begitu lagi
ngono to nek angel tuturane ,0,begitu kan kalau susah dibilanginnya
tekan semene aku faham ,0,sampai sini aku paham
Kuat dilakoni nek ra kuat selehke ,1,kuat dilakukan kalau tidak kuat diletakkan
Aku ngerti njenengan wong apik mas  tak akoni nek koe bakoh tenan  Tapi nek koyo ngono kui wes kebangete,0,aku ngerti kamu orang baik mas aku akui kamu memang kuat tapi kalau kayak gitu sudah kebangetan
emange opo si salahe nggo emot kui   ,0,memangnya apa sih salahnya pakai emoji itu
ujung ujung e diomongi   kowe i cen ratau ngerteni aku,0,ujung-ujungnya dibilang kamu itu tidak pernah mengerti aku
Ya allah udah kek gitu tapi masih disia2in juga ,-1,ya allah sudah kayak gitu tapi masih disia-siakan juga
Bingung aku tuhhhhh ,0,bingung akutuh
Nyesel aku pernah nglakuin hal hal kek gitu    ,-1,nyesel aku pernah ngelakuin hal-hal kayak gitu
Dah lah aku diem aja ,0,sudah lah aku diam saja
Mengkis mengkis rasane mas ,-1,sesak rasanya mas
Yoh iso yoh ,1,yok bisa yok
matur nuwun pancen wes tak lakoni dan terbukti disia sia ke trus  merasa diri dibutuhkan dadine semena mena dan semaunya ,0,terima kasih memang sudah aku lakukan dan terbukti disia-siakan terus merasa diri dibutuhkan jadinya semena-mena dan semaunya
Tenang  kalem  kuasai   ,1,tenang tenang kuasai
Lha trus ben gak ngunu kui kene kudu pie jal  haishhh ,0,lah terus biar gak seperti itu kita harus bagaimana
Kabeh seneng ,1,semua senang
jadi ini alasan kenapa aku di sia siain terus  oke besok serba bodoamat aja ,0,jadi ini alasan kenapa aku disia-siain terus oke besok serba bodoamat aja
Wedooosss tibakno ngono modele anake wong ki   ,-1,kambing ternyata begitu sifat anak orang itu
Semangat yo raketang mengkis mengkis rasane ,0,semangat ya tidak hanya sesak rasanya
Cen bener mas niatmu nulung ben dee ra keno cap elek seko tonggo teparone tapi awakmu pie mas  Nak malah,0,memang benar mas niatmu menolong biar dia tidak terkena cap jelek dari tetangga tapi kamu bagaimana mas kalau malah
Mas  jenengan kok ngunu se,0,mas kamu kok begitu sih
Pantesan aku disia siake ,0,pantes saja ku disia-siakan
Haha loh aku banget iki ,0,haha loh aku banget ini
Ola bener sia siakne wae  gobloke aku ,0,benar sia-siakan saja bodohnya aku
Omahku ng mburine mejid puteh mas sisih tengen e yo menowo meh mampir tak kei sego kucing ,0,rumahku dibelakangnya masjid putih mas sebelah kanannya ya mungkin mau mampir aku kasih nasi kucing
Masih ada weru jangan lupa ,0,masih ada weru jangan lupa
Pengen ngetag koncoku tapi dee ra duwe twitter ,0,pengen ngetag temanku tapi dia tidak punya twitter
wkwk ndesoku  nek ditekoni pulang kampung ning ndi sangger jawab solo ben cepet padahal tawangsari,0,wkwk desaku kalau ditanya pulang kampung kemana setiap jawab solo biar cepat padahal tawangsari 
Pengen ngetag tapi wonge ra ndue twitter ,0,pengen ngetag tapi orangnya tidak punya twitter
Oh ternyata mergo kui aku disia siakne ,0,oh karena itu aku disia-siakan
Dilakoni ae lak rampung dewe ,1,dijalani saja nanti selesai sendiri
Kok lee ampuh temen mas mas ,0,kok ampuh banget mas mas
Yowes to  rasah di getuni  ,1,yasudah tidak perlu disesali
Sing ilang bakale nemu genti  ,1,yang hilang akan menemukan ganti
ora kuwalik iki min  ,0,tidak kebalik ini min
Tresno welas asih ki oleh  Tapi awakmu tetap kudu iso bedake wong tuamu karo yangmu ki luwih utama sopo  ,1,cinta kasih itu boleh tapi kamu tetap harus bisa membedakan orang tuamu dan pacarmu itu lebih utama siapa
Kuat ra kuat tetep maju  meh mundur ra candak malah blusuk ,1,kuat tidak kuat tetap maju mau mundur tidak sampai malah jatuh
tambah sayang banget  langsung disio sio jalur vip ,0,tambah sayang banget langsung disia-sia jalur vip
Angel mas aku raiso komentar  intine Sampeyan top ,1,susah mas aku gak bisa komentar intinya kamu top
Omahe sopir iki tawangsari ,0,rumahnya supir ini tawangsari
Ameh 2021 iseh enek sing nganggo hashtag fff lfl     ,0,mau 2021 masih ada yang pakai hashtag fff lfl
follow auto follback asemm     ,0,follow auto follback asem
ameh 2021 iseh masang bio unfoll  block  follow 4 flbck  ,0,mau 2021 masih pasang bio unfoll block follow 4 flbck
enak pol padahal wkwk  v ,0,enak banget padahal wkwk
respon sak kober e   ,0,respon sebisanya
ngabari sak perlune   ,0,mengabari seperlunya
takon enek butuh opo  rasah sok2an mecahke kode   ,0,tanya ada butuh apa tidak perlu sok-sokan memecahkan kode
Alhamdulilah smpe saiki drung tau belas ,1,alhamdulillah sampai sekarang tidak pernah sama sekali
Lanang tenan koe dab ,1,lelaki beneran kamu dab
piye mas gonmu ngene ra doan  Wkwk ,0,bagaimana mas ditempatmu seperti ini juga tidak wkwk
Terus kudu opo  ,0,terus harus apa
Ameh 2021 iseh enek sing nganggo hashtag fff lfl   ,0,mau 2021 masih ada yang pakai hashtag fff lfl
Nek pengen sak penake sugih bagus kabeh keturutan  ,0,kalu ingin seenaknya kaya baik semua tercapai
follback  DM  Wkwk ngopo lho maksude      ,0,follback DM wkwk apasih maksudnya
uwis masmugo dee ne dong ,0,sudah mas semoga dia mengerti
Kok lucu ya ,1,kok lucu ya
Ra kuat sirah e di copot  diselehke dilut mngko di pasang maneh  ,0,tidak kuat kepalanya dilepas diletakkan sebentar nanti dipasang lagi
mas atimu terbentuk seko opo to kok apikan banget semoga dilancarkan rejekinya mas ,1,mas hatimu terbentuk dari apa sih kok baik banget semoga dilancarkan rezekinya mas
ha nek xixixi kui opo  ,0,kalau xixixi itu apa
Wes tau mas  tapi yo podo wae akhire    ,0,sudah pernah mas tapi ya sama saja akhirnya
ciwi ciwi followers dikit tapi yang kebelet likes  banyak yang begini wkwk ,0,ciwi ciwi followers sedikit tapi yang kebelet likes banyak yang begini wkwk
Pantesan wingi aku goblok ,-1,pantas saja kemarin aku bodoh
Tetep leslesan dan patah semangat ,-1,tetap males-malesan dan patah semangat
Aku malah rung tau ,0,aku malah belum pernah
tawangsari ki termasuk kutho  kapan kae ngelewati daerah iki tapi lagi krungu jenenge ,0,tawangsari ini termasuk kota waktu itu melewati daerah ini tapi baru dengar namanya
Ngono iku kabeh perlu  nek ngeroso gak ngefek mandeko  ,1,itu semua perlu kalau merasa tidak ada efek berhenti saja
Aku seng takon ngene  aku juga seng nesu   ,-1,aku yang tanya begini aku juga yang ngambek
Mbuh bodo kok diingu  mending ngingu wedus  iso dadi sate ,-1,entah bodoh kok dipelihara mending pelihara kambing bisa jadi sate
ndakan wonge ga due Twitter  ,0,lagian orangnya tidak punya twitter
Bersyukur bgi cwe yg twiternya sepi gak rame wlau sdh menarik sdmikian rupa lihatlah twitter cwe diluar sna rame dan menarik,0,bersyukur bagi cewe yang twitternya sepi gak rame walau sudah menarik sedemikian rupa lihatlah twitter cewe diluar sana rame dan menarik
oalah ngene to ,0,oh begini ya
saking gendhengï¿½e dunyo  dadi wong apikï¿½an ki kok yo mah salah   gendheng  ,-1,terlalu gilanya dunia jadi orang baik kok ya jadi salah gila
Udah semua yang  ,0,sudah semua yang
Oh udah ya berarti  ,0,oh sudah ya berarti
ï¿½Aku cuma sayang sama kamu tok  sayang bangetï¿½ ,1,Aku cuma sayang sama kamu saja  sayang banget
Aku cuma sayang sama kamu tok  sayang bangetï¿½ ,1,Aku cuma sayang sama kamu saja  sayang banget
Aku rapopo  ,0,aku tidak apa-apa
Ameh 2021 iseh ngarep dee sing ora pasti  Lho opo kui ,0,mau 2021 masih mengharapkan dia yang tidak pasti lah apa itu
Aku cuma sayang sama kamu tok  sayang banget,1,Aku cuma sayang sama kamu saja  sayang banget
biasane nek ditakoni omahe ndi jawabe solo  solo baru ,0,biasanya kalau ditanya rumahnya mana jawabnya solo solo baru
Sing Kuatt  sng Sabar Yo  Duhh yen ngmng sabar karo kuat ale wasis men cuk,1,yang kuat yang sbaar ya kalau ngomong sabar dan kuat gampang banget cuk
semangat mas  kabeh kui ono balesane dewe  mbuh kapan kui  koe bakal oleh ganjaran sek apik  tetep sabar lan ikhlas ,1,semangat mas semua itu ada balesannya sendiri entah kapan itu kamu akan dapat ganjaran yang baik tetap sabar dan ikhlas
layo nggapleki tenan og ,0,benar-benar menyebalkan
Ngomonge wis ikhlas  move on   di chat mantan langsung fast respon,0,bilangnya sudah ikhlas move on di chat mantan langsung fast response
Ya Allah  jika dia jodohku tolong dekatkanlah   Jika bukan jodohku  yowes ganti mawon kalih gado gado ra nganggo tahu sambelï¿½ ,0,ya allah jika dia jodohku tolong dekatkanlah jika bukan jodohku yasudah ganti saja sama gado-gadi tidak pakai tahu sambel
sejak kaan tawang sari kebak omah  ,0,lagian tawangsari penuh rumah
Seneng sak cukupe  sedih sak perlune  urup kudu sak pantese ,1,senang secukupnya sedih seperlunya hidup harus sepantasnya
Emang nyapo  Mending blakblakan gae auto like soko hastag drpd tuku followers ra ngaku ,0,memang kenapa mending blak-blakan pakai auto like dari hastag daripada beli followers tidak mengaku
Aku sabar  aku kuat mas  Wedok ora oleh kemeyek senajan kahanane ambyar parah   ,1,aku sabar aku kuat mas perempuan tidak boleh ganjen meskipun kondisinya parah banget
Lagi neng fase ï¿½yowes weh  ameh piye meneh ï¿½ ,0,sedang berada di fase yasudah mau bagaimana lagi
Kesuwen ngenteni di gawekne deï¿½e ,0,terlalu lama menunggu di buatkan dia
Pas posisi neng solo nek ditakoni uwong omonge wong sukoharjo  pas posisi neng sukoharjo nek ditakoni,0,waktu posisi di solo kalau ditanya orang bilangnya orang sukoharjo waktu posisi di sukoharjo kalau ditanya
prokontra yang bener  prokonco lebih tepatnya ,0,prokontra yang bener proteman lebih tepatnya
Opo yoo ngene  ,0,apa ya begini
Jadi gini   belajar ya ,1,jadi gini belajar ya
Ya allah aku banget ,0,ya allah aku banget
soale kadang mikir e  aku kesel kesel jogo awak tibakne sampean ndisik tau ngene ngono   ngono ae sih,0,karena kadang berfikirnya aku capek-capek jaga diri ternyata kamu dulu pernah begini begitu gitu aja sih
nek wong liyo uji nyali neng tempat angker nek aku gak aku neng kene we kroso uji nyali ,0,kalo orang uji nyali di tempat angker kalau aku tidak aku disini saja sudah berasa uji nyali
Yaalloh jembar tenan atine mas e  mugo2 urip e ayem tentrem dunyo akhirot  ,1,yaallah lebar banget hati masnya semoga hidupnya damai tenang dunia akhirat
Pernah ditinggalin orang yang bilang Jangan Tinggalin Aku,0,Pernah ditinggalin orang yang bilang Jangan Tinggalin Aku
Kamu akan kehilangan uang kalau kamu mengejar wanita  Tetapi kamu tidak akan kehilangan wanita kalau kamu mengejar uang   ï¿½ ,0,Kamu akan kehilangan uang kalau kamu mengejar wanita  Tetapi kamu tidak akan kehilangan wanita kalau kamu mengejar uang
Buat kamu yg masih galau in mantan dan susah move on  Bahagialah  Bahagia ga harus sama pacar  ga pacaran ga mati    nikmati ke,1,Buat kamu yg masih galau in mantan dan susah move on  Bahagialah  Bahagia ga harus sama pacar  ga pacaran ga mati    nikmati
Nikmati keï¿½ ,1,Nikmati
Tahun iki kok akeh wong kandas yo  ,0,tahun ini kok banyak orang pisah ya
seleramu seng Selebgram  aku seng koyo Selebgabah ngene yo ndak mampu to sayangku   ,-1,seleramu yang selebgram aku yang seperti gilingan padi gini ya tidak mampu sayangku
Tulung nak chat an ngetik e nganggo driji wae ojo gowo atiii  ojo baperan indonesia akeh guyon e ,0,tolong kalau chatan ngetiknya pakai jari-jari saja jangan bawa hati jangan baperan indonesia banyak leluconnya
ogonen tenan cokk  de e ninggal aku demi ngebotne raimuu,-1,jaga beneran cok dia tinggalin aku demi mempertahankanmu
Kangen tapi wes udu sopo sopone  pengen memulai seko awal ro wong anyar maneh  pengen ono sek perhatian maneh  Tapi paï¿½ ,0,kangen tapi sudah bukan siapa-siapanya pengen memulai dari awal dengan orang baru lagi pengen ada yang perhatian lagi tapi
Piye nek ternyata  saben wengi jenengmu disebut deï¿½e neng njero doane    ,0,bagaimana kalau ternyata setiap malam namamu disebut dia didalam doanya
Meh 2021 isih golek like karo followers  Haha mikiro koe wes do tuo,0,mau 2021 masih cari like dan followers haha coba fikir kalian sudah tua
Wong tawangsari menangis melihat ini ,0,orang tawangsari menangis melihat ini
on the way arah solo mesti lewat tawangsari dong  ,0,on the way arah solo selalu lewat tawangsari dong
Aku cah soba  mbiyen soba yo gur sawah kok mas ,0,aku anak soba dulu soba ya hanya sawah kok mas
Wong biasa nek nduwe pasangan goodlooking kebanyakan ra kajen lan mung korban diselingkuhi   ,-1,orang biasa kalau punya pasangan goodlooking kebanyakan tidak setia dan hanya korban diselingkuhi
Berdosa sekali yap wkwk ,0,berdosa sekali yap wkwk
Nduwe pasangan sing kerjone shift shiftan  isoh nyekel hape mung pas istirahat   ,0,punya pasangan yang kerjanya shift-shiftan bisa pegang hp hanya waktu istirahat
Dadi  apal banget kapan deï¿½e ngabari   ,0,jadi hafal banget kapan dia mengabari
Latihan balet nengndi ya nggone  Uripku terlalu kaku   ,0,latihan balet dimana ya tempatnya hidupku terlalu kaku
Nek misal aku ono salah  mending ngomong langsung  nek ngerti ngerti mutung kan aku bingung  ,1,kalau misal aku ada salah mending ngomong langsung kalau tiba-tiba ngambek kan aku bingung
Ojo ojo kowe mutung mergo wonï¿½ ,-1,jangan-jangan kamu ngambek karena
Nangiso wae rapopo  sing banter  ,0,nangis aja gapapa yang keras
Nek wis  ayo bahagia meneh  ,0,kalau sudah ayo bahagia lagi
Luwih seko sing wingi  fokus sayangi awakmu dhewe   ,1,lebih dari yang kemarin fokus sayangi dirimu sendiri
Dompet isine mung sambatan    ,0,dompet isinya hanya keluhan
Yallah koncoku banget ben entuk like karo komen ng IGne ,-1,yallah temanku banget biar dapat like dan komen di IG nya
Wkwkw Tawangsari kek ngno  oponeh Nguter Weru mas  Kartasura luwih apik timbang Sukoharjo ne ,0,wkwk tawangsari seperti itu aplagi nguter weru mas kartasura lebih bagus daripada sukoharjo
Ora abot  mung ujianmu wae sing munggah level e    ,1,tidak berat hanya ujianmu saja yang naik level
Di adepi  di syukuri   ,1,dihadapi disyukuri
Guya guyu dikiro humoris  Jebule okeh masalah ,0,senyam-senyum dikira humoris ternyata banyak masalah
Mbendino overthinking  mugo wong tuwo dikei umur sing dhowo  durung isoh mbahagiake banget    ,0,setiap hari overthinking semoga orang tua dikasih umur panjang belum bisa membahagiakan banget
Duh Gusti  ngapunten nek kerepe eling mung pas susah mawon  ,0,tuhan maaf kalau ingatnya lagi susah saja 
kudu semangat pokok e ,1,harus semangat pokoknya
Bade di pontang panting ke meh model kepiye kulo mung manut dalane Gusti seng nentokne ,1,mau dipontang-panting kayak apa saja aku hanya nurut jalannya tuhan yang menentukan
Jalani wae ,1,jalani saja
asli wulan november iki gusti Alloh bener bener gawe aku dikon akeh le sabar lan lewih perek karo gusti Alloh  ,1,asli bulan november ini Allah bener-bener buat aku banyak sabar dan lebih dekat dengan Allah
solo ne ngendi   Tawangsari hahaha yoben akuog  ,0,solonya dimana tawangsari hahaha ya biarin aku
ora sah sambat terus  Gusti ki gur ngetes kowe sanggup opo ora ,1,tidak perlu mengeluh terus tuhan hanya mengetes kamu sanggup apa tidak
Mung arep reti wong tawangsari endi wae    ,0,hanya mau tau orang tawangsari mana saja
Pas banget ono neng posisi binggung eh tiba tiba moco tweet iki rasane kok lego   ,0,pas banget ada di posisi bingung eh tiba-tiba baca tweet ini rasanya kok lega
Pranan sebelah ngendi  Wkwk  amilachetos ,0,pranan sebelah mana wkwk amilachetos
Angel banget dinggo jatuh cinta  sekali jatuh cinta malah karo wong sing salah  ,0,susah banget jatuh cinta sekali jatuh cinta malah sama orang yang salah
Sing nggawe loro atimu kadang yo awakmu dhewe sing terlalu berekspetasi lan berharap luwih neng wong liyo  ,0,yang buat sakit hatimu kadang ya dirimu sendiri yang terlalu berekspektasi dan berharap lebih ke orang lain
Koncoku sing omae  ra nduwe twiter  Duuh sayang sekaliii wkwkwk ,0,temanku yang rumahnya gak punya twitter duh sayang sekali wkwkwk
meh tak screenshot kan  kan ,0,mau tak screenshot kan kan
Jangan lupa patuhi prokontol kesehatan  ,1,Jangan lupa patuhi prokontol kesehatan 
Mudike nyang tawang  ngakune ro tonggo tawang sari  nek ro konco tetep Sukoharjo ,0,mudiknya ke tawang ngakunya ke tetangga tawangsari kalau sama teman tetap sukoharjo
Ngadeg jejeg karo ndangak sambi bengok aku kuat,1,berdiri tegap sambil mendongak sambil berteriak aku kuat
kangelan sing njelasne nek ngomong sukoharjo lur ,0,kesusahan yang jelasin kalau ngomong sukoharjo lur
Perlu di eling eling ,0,perlu diingat-ingat
Cah jaman saiki nek di elingke wong tuwo jawabane nganggo lagu tiktok    ,0,anak jaman sekarang kalau diingatkan orang tua jawabnya pakai lagu tiktok
Nek adiku ngono yo tak tapuk lambene ,-1,kalau adikku seperti itu ya aku tampar mulutnya
Rung keno azab wajar nek iseh gleleng   ,-1,belum kena azab wajar kalau masih nakal
Malaikat Malik suka yang begini mas adam v ,0,Malaikat Malik suka yang begini mas adam v
Rumus hidup sederhana ben di ajeni wong liyo  ojo pernah ngremehke ,1,rumus hidup sederhana biar disegani orang lain jangan pernah meremehkan
Rapopo  dudu menungso nek ra ngroso gelo lan sedih    ,1,gapapa bukan manusia kalau tidak menyesal dan sedih
Nduwe pasangan  ora malah nggawe nyaman  Ning malah nambah nambahi beban  ,-1,punya pasangan tidak membuat nyaman malah menambah beban
Sitik sitik di cemburui  di curigai  di atur atur  ,0,dikit-dikit cemburu curiga diatur-atur
Info Cah wedok sek sering dilarani  ,-1,info cewe yang masih sering disakiti
Rene dek tak openane,0,sini dek aku rawat
Seperti ciri ciri tanggal tuwo dan ra ndedet    ,0,seperti ciri-ciri tanggal tua dan tidak punya uang
Pokoke trabas mas soale kabeh masalah bakal ono solusine mbuh mgko ndadak jungkir walik sek opo muk leye,1,pokoknya maju terus mas karena semua masalah pasti ada solusinya entah nanti jungkir balik dulu atau hanya
Lagi neng fase wedi nek ora bakal iso nglewati masalah sing lagi di adepi,0,sedang di fase takut kalau tidak bisa melewati masalah yang sedang dihadapi
Opo sing wes dikarepke di rencanakne Neng 2020 iki akeh sing luput,0,apa yang sudah diharapkan direncanakan di 2020 ini banyak yang meleset
Yowes lah  meh piye meneh  ,0,yasudahlah mau bagaimana lagi
Sinau ikhlas seko ï¿½nganggo duitmu sik ya  sesuk tak ijoli  ï¿½ ,0,belajar ikhlas dari pakai uangmu dulu ya besok aku ganti
Neng 2020 iki akeh banget sing isoh di gawe sambatan  nganti lali karo hal hal cilik sing isoh di syukuri  ,1,di 2020 ini banyak banget yang bisa dibuat keluhan sampai lupa sama hal-hal kecil yang bisa disyukuri
Seng 2020 iki di tinggal rabi angkat tangaan lur ,0,yang 2020 ini ditinggal menikah angkat tangan lur
Yowis nek urung sempet 2020 iki bersyukur  tak tunggu bersyukurmu nang 2021 ,1,yasudah kalau belum sempat 2020 ini bersyukur aku tunggu bersyukurmu di 2021
dari dulu kok anane dolan dewe  mangan dewe  turu yo dewe  tapi saiki wes rodo ono kemajuan  iso omong2 dewe ro ngguya ngï¿½ ,0,dari dulu kok adanya main sendiri makan sendiri tidurpun sendiri tapi sekarang sudah ada kemajuan bisa ngomong sendiri sambil senyum-senyum
Mbuh ra ngerti   malas banget ora mood blas pengene mung mlungker kasur,0,entah gak tahu malas banget gak mood sama sekali pengennya hanya rebahan di kasur
Dan iki true story kisah tresnoku mbiyen  ,0,dan ini true story kisah cintaku dulu
Nek ngroso kowe karo deï¿½e ki malah luwih akeh sengsara ketimbang bahagiane  mendiï¿½ ,1,kalau merasa kamu dan dia ini lebih banyak menderita daripada bahagianya mending
Awak sehat atine ora  piye  Podo wae loro loro juga   ,0,badan sehat hatinya tidak bagaimana sama saja sakit juga
Wes rak ganteng  rak iso maen gitar  rak due kelambi Deus  ya alloh ,0,sudah gak ganteng gak bisa main gitar gak punya baju Deus ya allah
Balek turu wae Rak sido malmingan  ,0,kembali tidur saja gak jadi malam migguan
Matursuwun 2020  soyo kuat aku nggo ngadepi kahanan abot neng 2021  ,1,terima kasih 2020 semakin kuat kau untuk menghadapi situasi berat di 2021
Opo wae masalahe  nek kowene isoh bersyukur  yo tetep mumet sih  ,-1,apapun masalahnya kalau kamu bisa bersyukur ya tetap bingung sih
Soyo gedhe tak kiro soyo akeh duite  ,0,semakin besar aku kira semakin banyak uangnya
Tibake soyo akeh masalah uripe   ,-1,ternyata semakin banyak masalah hidupnya
Awas kamu padanya ,0,Awas kamu padanya
Nek tak kiro ora selalu kabeh,0,kalau aku kira tidak selalu semuanya
aku msh ada utang ga ,0,aku masih ada utang gak
ngasi dadi mantan ra diijoli ,0,sampai jadi mantan tidak diganti
Sepengelamanku  nggak terlalu sibuk  isoh di sambi ngabari  ,0,sepengalamanku gak terlalu sibuk bisa sambil kasih kabar
Kecuali deï¿½e luwih mentingke sing liyane sik ketimï¿½ ,0,kecuali dia lebih mementingkan yang lainnya dulu
Adikku malah ngono saiki jingan ,0,adikku malah begitu sekarang bajingan
ono sek mun meh nendi le   jawabane dolan  tapi boong hayukk papale papale ,0,ada yang tanya mau kemana jawabnya main tapi bohong hayuk papale papale
Tak kiro aku di selingkuhi  jebule aku selingkuhane       ,0,aku kira aku diselingkuhi ternyata aku selingkuhannya
Koncoku SMP kok wes do rabi   ,0,temanku SMP kok sudah pada menikah
Leh oleh jodoh kok do cepet men ki jan jane carane piye to mbok tulung aku ki diwarai ,0,kalau dapat jodoh kok cepat banget bagaiamana caranya tolong aku diajari
untung aku wes mundur nemen ,0,untung aku udah mundur parah
Rapopo keep going  ,1,gapapa keep going
dikiro wes cocok dadi pasangan  ternyata mung dadi selingan  ,0,dikira sudah cocok jadi pasangan ternyata hanya jadi selingan
Termasuk atiku pas wis di orak arik deï¿½e    ,0,termasuk hatiku waktu sudah diorak-arik dia
IKI ISO RA TO NEK DIRITWIT PING SEWIDAKROLAS   ,0,ini bisa tidak sih kalau diretweet enampuluh duabelas kali
Tak kiro ra payu    jebule iyo ,0,tak kira tidak laku ternyata iya
srabi notodewe  bar kuwi nangis dewe  nanggung perih e dewe  ,1,serabi menata sendiri setelah itu menangis sendiri menanggung perihnya sendiri
iki asli ono tenan  ,0,ini asli ada sungguhan
Penting lak koe seng mbukak kotange    ,0,penting yang membuka bra nya kamu
mosok aku sing tuku  aku sg mbayar  jik kon notodewe  ra sopan tenann ,1,masa aku yang beli aku yang bayar masih disuruh menata sendiri tidak sopan banget
Sak durunge de e selingkuh  aku tak selingkuh sek  Ora salah kan  ,-1,sebelum dia selingkuh aku selingkuh dulu tidak salah kan
Tak kiro aku ro de e iso pacaran  jebule aku mung dadi pelampiasan ,0,aku kira aku dan dia bisa pacaran ternyata aku Cuma jadi pelampiasan
Tak kiro aku selingkuhane   jebul aku udu apa apane  Yingaaan ,0,aku kira aku selingkuhannya ternyata aku bukan siapa-siapanya 
Owalah makane de e ndelalah ngilang  bakne konangan yange ,0,oh makanya dia tiba-tiba menghilang ternyata ketahuan pacarnya
Untung aku ra mundur A329 ,0,untung aku tidak mundur A329
Nek dewe yo gak wani to zeyenk    ,0,kalau sendiri ya tidak berani zeyenk
Tak pikir aku siji sijine  jebule aku salah sijine  ,0,aku pikir aku satu-satunya ternyata aku salah satunya
Srabi sik mandiri ,0,srabi masih mandiri
tak kiro aku di sematke jebule aku di arsipke ,0,aku kira aku disematkan ternyata aku diarsipkan
Yuhhh   mesti loro bngt ,0,yuuh pasti sakit banget
Pokok e dewe terus mas dam ,0,pokoknya sendiri terus mas dam
Weh Ono tenan toh  ,0,weh ada beneran
Tak kiro ora Ono    ,0,aku kira gak ada
Meh mbok gondeli koyo pie nek ,0,mau kamu tahan bagaimana lagi
Tuhan wes ngomong ï¿½kui udu jodomuï¿½ ,0,tuhan sudah bilang dia bukan jodohmu
koe iso opo  ,0,kamu bisa apa
Semua akan ï¿½yowes ngono kae lahhï¿½ pada waktunya  ,1,semua akan yasudah begitulah pada waktunya
gatelii gropyok wae yuh ,0,nyebelin hajar saja yuk
Okeh sing ra direteni gusti ,0,banyak yang tidak dimengerti tuhan
Dudu raisoh mbayar utang  tapi kadang pas ameh mbayar ki eman banget duite nggo mbayar  ,0,bukan tidak bisa membayar hutang tapi terkadang waktu mau bayar itu sayang banget uangnya buat bayar hutang
Mulo nganti yahmene ra seneng utangï¿½ ,0,makanya mulai sekarang tidak suka hutang
Rasane piye  ,0,rasanya bagaimana
Lorone bukan main ,0,sakitnya bukan main
Yo tau  Malah pacare seng tak labrak   astaghfirullah  ,0,ya pernah malah pacarnya yang aku labrak astaghfirullah
Rodok asu tapi tetep tak gas banter selagi wonge ganteng ,0,agak anjing tapi tetep aku gas meskipun orangnya ganteng
La aku kurang bahagia i pie rok  ,0,lah aku kurang bahagia bagaimana
Butuhe dirungoke ora butuh tanggepan e  nek ditanggepi mah mung luput ,1,butuhnya didengarkan tidak butuh ditanggapi kalau ditanggapi hanya meleset
ini area kts bukan si mas  aku mau pas lewat golek jadah nemu spanduk merk iki soale,0,ini area kts bukan sih mas aku tadi lewat cari jadah menemukan spanduk merk ini soalnya
Tetaplah berbuat baik walaupun banyak yang cangkeman  ,1,tetaplah berbuat baik walaupun banyak yang nyinyir
Pernah tapi belum jd kek gitu ,0,pernah tapi belum jadi kayak gitu
ernah tapi ra tau foto ,0,pernah tapi gak pernah foto
Pernah lewat 1kali ,0,pernah lewat 1 kali
Ngomonge me ngrabi tiwas mlaku setaun jebul aku gur selingkuhane anggi anggi ,0,bilangnya mau menikahi percuma jalan setahun ternyata aku hanya selingkuhannya anggi anggi
Meskipun 2020 iki gk selalu bahagia  tapi aku tetep bersyukur iseh di kek i awak sehat lan cukup ,1,meskipun 2020 ini tidak selalu bahagia tapi aku tetap bersyukur masih diberi badan sehat dan cukup
Masio 4 tahun aku jomblo nyatane aku sek tetep urep ,0,meskipun 4 tahun aku jomblo nyatanya aku masih tetap hidup
Kabeh ono dalane  Purwosari yo wis di bukak    ,1,semua ada jalannya purwosari juga sudah di buka
Nek ra enek golek dalan liyane ,1,kalau tidak ada cari jalan lain
oke mengko njajal liwat wkwk ,0,oke nanti coba lewat wkwk
Atine dee iseh nutup ,0,hatinya dia masih tutup
Ujicoba tok koyo dee macari koe ,0,uji coba saja seperti dia pacari kamu
nek tujuane udu koe yo podo wae ,0,kalau tujuannya bukan kamu ya sama saja
Mbok aku diajak lewat kono wkwk ,0,coba aku diajak lewat sana wkwk
Dadi kangen numpak prameks terus rebutan kursi   ,0,jadi kangen naik prameks terus berebut kursi
Kabeh ono dalane  songgoriti yo wis bukak  ramahï¿½ penduduke  ,1,semua ada jalannya songgoriti juga sudah buka ramah penduduknya
Ujicoba tok koyo koe neng aku ,0,uji coba saja seperti kamu ke aku
Jane  opo gunane overthinking  Wong kabeh sing wis mbok pikirke nganti over lan mbok wedeni kuwi lak renek sing dadi kasunyaï¿½ ,0,sebenarnya apa gunanya overthinking semua yang kamu pikirkan sampai over dan kamu takutkan itu tidak ada yang jadi kenyataan
Aku nek mulih pengeb mudun stasiun purwosari  tapi wedi ilang    mergo aku luih apal dalanan jakarta daripada solo,0,aku kalau pulang ingin turun stasiun purwosari tapi takut hilang karena aku lebih hafal jalanan jakarta daripada solo
Purwosari seng dadi saksi ,0,purwosari yang jadi saksi
Jane yang yangane wis suwe  tapi tiap nduwe masalah  mesti ora rampung utowo sengojo ben ilang dhewe  ,-1,harusnya pacarannya sudah lama tapi setiap punya masalah selalu tidak selesai atau sengaja biar hilang sendiri
lah iyo  uteke ga dinggo yake ya  boso jalok pedot  ra trimo  sumbar janji ra bakal baleni halahh basi ,-1,lah iya otaknya tidak dipakai ya kalau minta putus tidak terima janji tidak bakal mengulangi halah basi
Mangane wis akeh tapi ora lemu lemu    ,0,makannya sudah banyak tapi tidak gemuk-gemuk
Kui sesuk nek bebojoan mari dewe    biasane pas yank yank an sitik sitik  nesu di gagas pasangane niko pas wis nika,0,itu besok kalau berumah tangga selesai sendiri biasanya waktu pacaran dikit-dikit ngambek dipikir pasangannya dulu waktu sudah menikah
Piye iseh nyepelekke tukang sampah ra   ,0,bagaimana masih menyepelekan tukang sampah tidak
Masalah kudu di rampungke  tapi ra kudu saiki  ra kudu cepet   Tunggu nganti emosi stabil dhisek  di omongke barenï¿½,1,masalah harus diselesaikan tapi tidak harus sekarang tidak harus cepat tunggu sampai emosi stabil dulu diomongkan bersama
Masalah kudu di rampungke  di omongke bareng penak pï¿½ ,1,masalah harus diselesaikan diomongkan bersama enak
Dewe we penak  Iso mbribik sana sini dekat sana sini  Yo ra lur  ,0,sendiri saja enak bisa kesana kesini dekat sana sini ya gak lur
Wes kesel mikirke yang yangan   ,0,sudah lelah memikirkan pacaran
Persis kancaku ,0,persis temanku
Aku mangan okeh sitik langsung lemu ,0,aku makan banyak sedikit langsung gemuk
Yang yangan kui sing piye ,0,pacaran itu yang bagaimana
Mangane sitik ra kuru kuru   ,0,makannya sedikit tidak kurus-kurus
Pokokke getun kui nomor siji ,0,pokoknya menyesal itu nomor satu
nek dee ratau iso memperbaiki piye   ,0,kalau dia tidak bisa memperbaiki bagaimana
Ket biyen duweni cita cita pokokke gaji pertama tak kekke makku kabeh  alhamdulillah wis kelakon ,1,dari dulu punya cita-cita pokoknya gaji pertama aku kasih ke ibuku semua alhamdulillah sudah terlaksana
yang yangane lagek tp kroso wes suee  ameh di uwisi kok rung patut ,0,pacarannya baru tapi kerasa sudah lama mau disudahi kok belum pantas
manganku sitik tapi tambah lemu teruss    ,0,makanku sedikit tapi tambah gemuk terus
Kene gur nyawang fotomu iki wes mundak sekilo ,0,Cuma memandang fotomu sudah tambah satu kilo
Podo nganti insecure    ,0,sama sampai insecure
lelaki yang kau patahkan adalah seorang anak yang sangat dibanggakan mati matian oleh ibunya     ,0,lelaki yang kau patahkan adalah seorang anak yang sangat dibanggakan mati matian oleh ibunya
La aku napas tok rasane nambah lemak sekilo ,0,lah aku nafas saja rasanya tambah lemak satu kilo
dek mengko eneh Yo chat e  aku lagi Karo yangku  Iki Ojo dibales Ojo chat lek urung tak chat   Oalah  ,0,dek nanti lagi ya chatnya aku lagi sama pacarku ini jangan dibalas jangan chat kalau belum aku chat
Bener banget mas nek emosine ra stabil malah tambah ruwet masalahe iso malah dadi perang dunia    ,1,benar banget mas kalau emosinya tidak stabil malah tambah rumit masalahnya bisa jadi perang dunia
Aku kat 2015 ngene teros bang  lak tukaran kejadian bulan iki tgl iki taun iki mesti digowo   kawesel  ,0,aku dari 2015 begini terus bang kalau berantem kejadian bulan ini tanggal ini tahun ini selalu dibawa capek
Betolll  bar kui entok karma ,0,betul habis itu dapat karma
Butuh dirungokne  dudu di owalah bakno koe ki kyo ngnu to      terus  lanjut ngilang raono kabar  ,0,butuh didengarkan bukan di oalah ternyata kamu ini seperti itu
ndene ndene ceritooo tak rungokne ,0,sini-sini cerita aku dengarkan
Aku sih tim rande yang ,0,aku sih tim gak punya pacar
Butuhe di rungokne  dudu di ï¿½sabarrrrrrrr  lha aku mbiyen malah luwih lara timbang kowe   ï¿½ ,0,butuhnya di dengarkan bukan di sabar aku dulu malah lebih sakit daripada kamu
Untung aku yowes nyapu  ngepel  ngliwet  nyambel   yok gae story wasap  ben mamakku debut ng storyku   ,0,untung aku sudah menyapu mengepel masak nasi bikin sambel ya buat story whatsapp biar ibuku debut di storyku
We lak ra popo to ,0,kamu tidak apa-apa kan
Piye perasaan mu,0,bagaimana perasaanmu
Suatu saat  pengen priwed ngene iki karo kowe,0,suatu saat ingin prewed begini sama kamu
Mau bikin story selamat hari ibu tetapi ibu gak punya WA  ,0,Mau bikin story selamat hari ibu tetapi ibu gak punya WA
Yowes  rapopo    ,0,yasudah tidak apa-apa
tapi ujunge ngilang yo podo wae min     ,0,tapi ujungnya menghilang ya sama saja min
Ndarani stand up comedy karo sing moto   ,0,dibilang stand up comedy sama yang foto
yang  ngene wae yo    ,0,yang begini saja ya
dunia banyak drama ya    ,0,dunia banyak drama ya
Jangan jangan iki sampean yo mas adam  ,0,jangan-jangan ini kamu ya mas adam
Aku cerito ning koe dudu kanggo adu nasib sayang ,0,aku cerita ke kamu bukan untuk adu nasib sayang
Meh upload fotone simbok  tapi mengko mesti di aku aku calon morotuwo  ,0,mau upload fotonya ibu tapi nanti pasti diakui calon mertua
Halah lah koyo koyo ,0,halah kayak beneran
Selalu yakin  nek masalah sing ono kuwi bakale ndadekne awakdewe dadi karakter sing luwih kuat seko sakdurunge    ,1,selalu yakin kalau masalah yang ada itu akan membuat kita jadi karakter yang lebih kuat dari sebelumnya
Ini yg terjadi kalau jodohku ternyata emang feminim   Xixi lucu jg ,0,ini yang terjadi kalau jodohku ternyata emang feminim xixi lucu juga
Ibuku enggak butuh ucapan  Butuhnya mantu  Jadi  tolong kerjasamanya  ,0,ibu ku enggak butuh ucapan butuhnya menantu jadi tolong kerjasamanya
Info kopi bubuk seng kopine dombe  bubuke di keloni ,0,info kopi bubuk yang kopinya di minum bubuknya dipeluk
Semua aku korbankan demi dirimu  semua perjuangan aku serahkan padamu karena aku mencintaimu    ,1,Semua aku korbankan demi dirimu  semua perjuangan aku serahkan padamu karena aku mencintaimu
Itu bukan cinta  itu adalaï¿½ ,0,Itu bukan cinta  itu adalah
Berharap yang pasti  yang pasti banyak berharap  ,0,Berharap yang pasti  yang pasti banyak berharap
Makane  pas aku di kenalke bpk ibune kae pertama di takoni tunggal piro    Koe ank noner piro  ,0,makanya waktu aku dikenalkan bapak ibunya pertama kali ditanya berapa bersaudara kamu anak nomer berapa
Yo kuliah  yo kerjo  yo mencintaimu barang dek  ngono isih maido  ,1,ya kuliah ya kerja ya mencintaimu juga dek begitu masih ngejek
wes niat adus gasik jebul banyune mati  ,0,sudah niat mandi tapi ternyata airnya mati
Antara rumah atau hanya tempat singgah  ,0,Antara rumah atau hanya tempat singgah
aku si setuju setuju wae mas ,0,aku sih setuju-setuju saja sih mas
Belajar dari banyaknya masalah ,1,belajar dari banyaknya masalah
ngono lho iseh di paido,0,begitu masih diejek
Semoga ibuku dan ibumu jadi besan ,0,semoga ibuku dan ibumu jadi besan
Lah iya lah orang lain di buat seneng tapi diri sendiri malah susah ,-1,lah iya lah orang lain dibuat senang tapi diri sendiri malah susah
Kawan  berikut ketentuan libur Natal dan Tahun Baru di Kota Batu  sesuai dengan Surat Edaran  SE  yang dikeluarkanï¿½ ,0,Kawan  berikut ketentuan libur Natal dan Tahun Baru di Kota Batu  sesuai dengan Surat Edaran  SE  yang dikeluarkan
Sibuk yang menyenangkan adalah  nyiapke reno renone dinggo rabi karo deï¿½e   ,0,sibuk yang menyenangkan adalah menyiapkan keperluan buat nikah sama dia
Tapi sayang tekan saiki urung ono calone      ,0,tapi sayang sampai sekarang belum ada calonnya
Masalah sing  selalu ana isoh dadi pengalaman pembelajaran gen isoh luwih bijak ngadepi masalah ,1,masalah yang perlu selalu ada bisa jadi pengalaman pembelajaran biar bisa lebih bijak menghadapi masalah
Hurung siap sibuk sek koyongene min ,0,belum siap sibuk masih seperti ini min
Kacau boleh  marah silahkan  tapi jangan biarkan mulutmu menyakiti hati orang lain  ,1,Kacau boleh  marah silahkan  tapi jangan biarkan mulutmu menyakiti hati orang lain
ng daerahku wonge dodolan gorengan karo kopi ,0,didaerahku orangnya jualan gorengan sama kopi
aku banget gustiii,0,aku banget tuhan
Terkadang ora selalu ï¿½kenapa  Mbok sini cerita waeï¿½ Tapi ï¿½aku ngerti kok  tapi kamu itu kuat  kamu pasti bisa  ï¿½,1,terkadang tidak selalu kenapa bu sini cerita saja tapi aku mengerti kok tapi kamu itu kuat kamu pasti bisa
Wong wedok nek nyakar po njiwet mesti lorone raumum ,0,orang perempuan kalau mencakar atau mencubit sakitnya gak umum
Nek aku ket biyen senengane nyokot ,0,kalau aku dari dulu senangnya gigit
tapi nek nyokot jare loro tapi enak  eh  ,0,tapi kalau gigit katanya sakit tapi enak
Yo ra gek ngno kui ,0,ya tidak seperti itu
Koyo kukune digimon ,0,kayak kukunya digimon
nek nggo cawik po ra mlecat kui silit e ,0,kalau dibuat cebok apa tidak perih itu anusnya
Opo maneh dicokot ,0,apalagi digigit
Dijiwit nang duwur motor naliko numpakku banter  ,0,dicubit diatas motor karena aku ngebut
opo ra mbeset mbeset ngono kui ,0,apa gak lecet-lecet begitu itu
Terimakasih untuk diriku sampai saat ini bisa setegar ini ,1,Terimakasih untuk diriku sampai saat ini bisa setegar ini
gawenen koyo ngeneki   nek aku nakal iso langsung mbug cakar ,0,pakai saja seperti ini kalau aku nakal bisa langsung kamu cakar
Terus wong malang kota arep nang batu kudu rapid     ,0,terus orang malang kota mau ke batu harus rapid
Malah koyo kukune kisame  ,0,malah seperti kukunya kisame
Diceritani nggo nguwehi solusi dudu malah adu nasib,0,diceritain buat ngasih solusi bukan malah adu nasib
Wes goblok rak ngutek sisan   yowes modaro ,-1,sudah bodoh gapunya otak lagi yasudah mati saja
iku pas karo kowe ben ono le garapne tugas e ,0,ini waktu sama kamu biar ada yang mengerjakan tugasnya
Sabar ya  pokoke habis lulus aku langsung kerumahmu sama keluargaï¿½ ,1,sabar ya pokoknya habis lulus aku langsung ke rumahmu sama keluarga
sok sokan pamer keUwuan ro pacare neng ngarepku  padahal mbendino pacare diam diam ngechat aku  ,0,sok-sokan pamer keuwuan sama pacarnya di depanku padahal setiap hari pacarnya diam-diam ngechat aku
Ben kue seneng sih mbak  Gak sadar sih ,0,biar kamu senang sih mbak gak sadar sih
Nggaya tekno wong tuo sugeh kui biasa  tapi lek nggaya mergo usahane dewe kui luar biasa  ,1,gaya punya orang tua kaya itu biasa tapi kalau gaya karena usaha sendiri itu luar biasa
Semangat wong wong bakoh  ,1,semangat orang-orang kuat
Wes dikongkon sabar ngenteni bolak balik min  wes tak lakoni pisan sabare   tapi engga jadi ,0,sudah disuruh sabar nunggu terus min sudah aku lakukan juga sabarnya tapi gak jadi
Nyekel omongan ibarat nyekel angin gaenek wujud e ,1,pegang omongan ibarat pegang angin tidak ada wujudnya
Ngenteni ono sing ngajak ,0,menunggu ada yang mengajak
Kok selo banget sih     Gawe yongono suwe lho ,0,kok selow banget sih buat kayak gitu lama loh
Kenyataane baru lulus ditinggal kerjo luar kota,0,kenyataannya baru lulus ditinggal kerja luar kota
Kadang pas aku mlaku karo awakmu aku ngeroso isin ngeroso insecure karo penampilanku seng biasa biasa wae di bandingke penampilanmuï¿½ ,-1,kadang waktu aku jalan sama kamu aku merasa malu merasa insecure sama penampilanku yang biasa-biasa aja dibandingkan penampilanmu
Syarat e dadi mantune ibuku gampang dek   gur sak agomo wis ra neko neko    ojo golek wong lanang seng mapan  soale aku tau mapan malah keturon ,0,syarat jadi menantu ibuku mudah dek hanya seagama sudah tidak macam-macam jangan cari lelaki yang mapan soalnya aku pernah rebahan jadi ketiduran
Engko lek wes sugih kang   ,0,nanti kalau sudah kaya kang
Amehh tekok kuu sik baru lulus opo sak urunge di gajii  kiro kiro ben sasine piroo lurr   ,0,aku mau tanya dulu baru lulus apa sebelumnya di gaji kira-kira sebulannya berapa lur
Dengan pengalaman iki  aku ngerti nek di cintai setengah setengah padahal cintane awakdewe gedhe nggo wonge ki loro  ,0,dengan pengalaman ini aku mengerti kalau dicintai setengah-setengah padahal cintanya kita besar buat dia itu sakit
Dan ya  aku rabakal meneh jatuh cinta karo wong sing durung tuntas karo masalalune  ,0,dan ya aku tidak akan lagi jatuh cinta sama orang yang belum selesai dengan masalalunya
Terus ke mas le cerita Saiki sampeyan kepiye  ,0,teruskan mas kalau cerita sekarang kamu bagaimana
Sabar ya awal tahun moro omahmu sak keluarga ,0,sabar ya awal tahun datang ke rumahmu sekeluarga
Tiwas aku gelem ldr jebule koe milih liyane ,0,percuma aku mau ldr ternyata kamu memilih yang lain
angsurane okeh  kan generasi sandwich   sad ,0,angsurannya banyak kan generasi sandwich
bacot mas mas  ngomong ngunu pisan maneh tak tapuk lambe mu lo  tenan ,-1,bacot mas-mas ngomong begitu sekali lagi aku tampar mulutmu loh beneran
Sek umur 22 gong kepikiran rabi  mikir golek duet sek sing wakeh    ,0,masih umur 22 belum kepikiran menikah mikirin cari uang dulu yang banyak
Raketok kerjo  rabine moro moro     ,0,gak kelihatan kerja nikahnya tiba-tiba
Elek utowo apike aku  tergantung sopo sing nyeritakne   ,0,jelek atau bagusnya aku tergantung siapa yang menceritakan
Pengen cerita banget nek aku adalah orang yang terjebak di hubungan beda agama ,0,ingin cerita banget kalau aku adalah orang yang terjebak dihubungan beda agama
Selamat pagi  mari belajar ikhlas walaupun pekerjaan yang kita kerjakan hanya di bayar 2M  Maturnuwun Mas  ,1,Selamat pagi  mari belajar ikhlas walaupun pekerjaan yang kita kerjakan hanya di bayar 2M  Makasih Mas
antara tidak takut tuhan atau tidak bertuhan,0,antara tidak takut tuhan atau tidak bertuhan
Seneng banget nduwe pasangan sing gampang akrab karo wong tuwo  Nganti koyo anake dhewe    Nganti wis pedot wae wong tuwoï¿½ ,0,senang banget punya pasangan yang mudah akrab sma orang tua sampai seperti anak sendiri sampai sudah putus saja orang tua
Yoo ra tau tukaran to lur  wong ra nde de e  v ,0,ya tidak pernah berantem lur orang gak punya dia
Adus gek ketemu calon morotuwo   ,0,mandi terus ketemu calon mertua
Kowe nduwe konco sing modelane nek nggawe story WA isine kata kata bijak sukses merendahkan suatu pekerjaan,0,kamu punya teman yang seperti kalau buat story WA isinya kata-kata bijak sukses merendahkan suatu pekerjaan
ono  story ne mesti kayak sen rugi we ramelu iki  ,0,ada storynya pasti kayak yang rugi kamu tidak ikut ini
Tapi ben kate closingan dee golek selangan huhuhu ,0,tapi setiap mau closingan dia cari pinjeman huhuhu
ono ngasi seakan akan bener dewe sak kabupaten  ngasi kelar gede ndase sak tompo ,0,ada sampai seakan-akan benar sendiri sekabupaten sampai besar kepalanya segerabah
2020 kurang 3 wulan ngkas wae cobaane soyo akeh ngene iki    Gusti,-1,2020 kurang 3 bulan lagi saja cobaannya semakin banyak begini ini tuhan
Pas nduwe masalah  rasane pengen banget ndang kelar masalahe  Gek ndang uwis  isoh nyelehke pikiran  ,1,waktu punya masalah rasanya ingin banget cepat selesai masalahnya biar selesai bisa meletakkan fikiran
dipilah pilah dulu masalahe  yg kudu dirampungke sik dirampungke ben lek kelarr  ,1,"dipilih dulu masalahnya, selesaikan dulu yg harus diselesaikan, biar kalau kelar"
 Tukune ngendi mas ?,0,Belinya dimana mas?
 antara tidak takut tuhan atau tidak bertuhan,-1, antara tidak takut tuhan atau tidak bertuhan
Seneng banget nduwe pasangan sing gampang akrab karo wong tuwo.,1,Senang sekali punya pasangan yang mudah akrab dengan orang tua
Nganti koyo anake dhewe...,0,Hingga seperti anaknya sendiri
Nganti wis pedot wae wong tuwoâ€¦,-1,Hingga sudah putus saja orang tua
DPRD yang menolak Omnimbus Law ,-1,DPRD yang menolak Omnimbus Law 
-Sebuah utas-,0,Sebuah utas
Adus gek ketemu calon morotuwo..,0,mandi dulu mau ketemu calon mertua
Tapi ben kate closingan dee golek selangan huhuhu,-1,tapi setiap mau closing dia selalu cari pinjaman
2020 kurang 3 wulan ngkas wae cobaane soyo akeh ngene iki... Gustiiiiii....,0,2020 kurang 3 bulan lagi saja cobaannya semakin banyak begini. 
 Suaramu selama ini merasa terwakili oleh siapa gengs?,0, Suaramu selama ini merasa terwakilkan oleh siapa gengs?
 Auto hiden ðŸ¤­,0,disembunyikan otomatis
GadoÂ² aktif ya bundðŸ¥°ðŸ¤£ðŸ¤£,0,Aktif ya bund
 Palak orangâŒ,-1,palak orangnya
Palak polisiâœ…,-1,palak polisinya
 ONO hahaha,0,ada hahaha
 Iku mesti pelaku MLMðŸ¤£ðŸ¤£,0,itu pasti pelakunya
 Contoh e kepiye?,0,contohnya bagaimana?
 bakul spirulina,0,penjual spirulina
 Raono. Koncoku sing modelan gatheli ngono kui kontake ra tak simpen. Atau minimal storyne tak mute. Dadiâ€¦ https://t.co/mOIok318jF,-1,tidak ada. Temanku yang kelakuannya menyebalkan seperti itu kontaknya tidak aku simpan. Atau minimal storynya aku mute
 ðŸ¤£story ne knco' isi ne Vtube kabehh,0,storynya teman isinya Vtube semua
neng dompet asat...,0,di dompet kosong
tergantung sopo seng tak adepi,0,tegantung siapa yang aku hadapi
Ngene lhooo â£ï¸ https://t.co/iKdsJj1wk6,0,seperti ini lo
 Yok,0,ayo
 Kui aku nder ðŸ˜…,0,itu aku
Sebuah Tutorial https://t.co/0ctqLTnYjs,0,sebuah tutorial
 Dompet asat,-1,dompet kosong
Duit mampet ,-1,uang macet
Urip ruwet,-1,hidup rumit
Pengen ngechat tapi wagu.,0,ingin chat tapi canggung
 Mau di batalin RUUnya apa gw panggilin akatsuki nih,-1,mau dibatalkan RUU nya atau aku panggil akatsuki nih
 Aku ta?,0,aku kah?
 Wkwk ncen wong wedok i butuh penjelasan ben ra salah pahamðŸ¤—,0,wkwk memang perempuan itu butuh penjelasan biar tidak salah paham
 Masih mending ceue zaman sekarang mintanya sekinker. Lah zaman dulu?? Mintanya dibikinin candi coy.,-1, Masih mending ceue zaman sekarang mintanya sekinker. Lah zaman dulu?? Mintanya dibikinin candi coy.
Tebak lokasi https://t.co/EFxFFcfvax,0,tebak lokasi
Jujur mas boi kangen admin pasti.,0,Jujur mas boi kangen admin pasti.
 Iyo mas aku ngerti aku terlalu sempurna kanggo koe,0,iya mas aku tau terlalu sempurna untuk kamu
Ayo Indonesia dijak pindah negoro ae yok.,0,ayo indonesia diajak pindah negata saja yuk
 Ora enak e mas,0,tidak enak mas
 Tapi bedo omah ibadah.. ðŸ˜Œ,0,tapi eda rumah ibadah
 Ternyata aku gur bayangke,0,ternyata aku hanya membayangkannya
 usume ki telo,0,musimnya ini ketela
 Gedhanggg,0,pisang
 Apa yg mau di tarik,0,apa yang mau ditarik
 Bambang,0,bambang
 Pamitin ke ibu sekalian yaa,0,pamitin ke ibu sekalian ya
 Nongko,0,nangka
Kok ono ya wong ra doyan pete?,0,kok ada ya orang tidak suka pete?
Sepiro akeh buku cara nglalekne sing wis tak woco..,0,seberapa banyak buku cara melupakan yang sudah aku baca
 Semongkoo,0,semangka
 SemongkoðŸ,0,semangka
 Kini tinggal aku sendiri.... â­,0,kini tinggal aku sendiri
 Katessss,0,pepaya
Tarik sis,0,tarik sis
 mbok rondo,0,janda
 Sepuluh fakta di balik pembangunan Jalan Daendels dari Anyer ke Panarukan yang membentang dari ujung barat sampai ujung tiâ€¦,0, Sepuluh fakta di balik pembangunan Jalan Daendels dari Anyer ke Panarukan yang membentang dari ujung barat sampai ujung
Beneran rindu sama beliau....,0,beneran rindu sama beliau
Daendels -------&gt,0,deandels
Jepang ---------&gt,0,jepang
Mukidi ---------&gt,0,mukidi
 Layo to mas,0,iya kan mas
mung disindir tok wae kepikirane awan sore wengi..,-1,hanya disindir saja kepikirannya siang sore malam
Ati cilik ngene iki cen susah ðŸ˜Œ,0,hati kecil begini memang susah
 STM,0,STM
 SMA,0,SMA
Trimo ngontrak timbang loro ati~,0,terima kontrak daripada sakit hati
 Sd,0,SD
 Astaghfirullah kaget. Kenapa bisa lewat TL,0, Astaghfirullah kaget. Kenapa bisa lewat
 MAS,0,mas
 SMK,0,SMK
 Seko MAN,0,dari MAN
 nggilaniðŸ˜­,-1,menjijikkan
 anjing kek TT kucing ðŸ¤£,-1,anjing seperti TT kucing
 Asuog lakon opo ngene iki,-1,Sialan kamu apa seperti ini
Tahun ke 4 pedot rasido rabiâ€¦,0,tahun ke 4 putus tidak jadi nikah
 Stm e mas,0,STM mas
 Geli sendiri:(,0,geli sendiri
 Smk,0,SMK
 SAKSENENGKKU,0,sesuka aku
 11 pro max ultimate,0,11 pro max ultimate
 ko tombol remot ngono ðŸ˜‚,0,seperti tombol remote begitu
 Smk rekðŸ¤£,0,SMK
 Es tong,0,es tong
ya Allah sak umpamane isih ono wedok an sing model' e  koyongono tulung kulo nyuwun setunggal:(  @KaliurangPenakâ€¦,1,Ya Allah semisal masih ada perempuan yang seperti itu tolong aku minta satu
 SMA aku,0,aku SMA
 ðŸ¤£ðŸ¤£ðŸ¤£asukk ngak isoh bayangke,0,tidak bisa membayangkan
 geli ngabðŸ˜­,0,geli
 Hayuu semangat ,0,ayo semangat
 Seki STM malah,0,Seki STM malah
 merinding bgst :(,-1,merinding
 sma,0,SMA
 Seko bapak ibukku dap,0,dari bapak ibuku
 Aku seko Madrasah Aliyah :),0,aku dari Madrasah aliyah
 gek kelas papat sd,0,masih kelas empat SD
 Njir,0,Njir
 smk!,0,SMK
 sma wkwk,0,SMA wkwk
 Segel kutukan pentil orochimaru,-1,segel kutukan putting orochimaru
 SMA dong,0,SMA dong
 Seko wingi,0,Dari kemarin
 smk the best,0,SMK terbaik
 Pentil e ipun wkwkw,-1,putingnya ipun wkwk
 Soko ngomah. La gene to?,0,Dari rumah. Kenapa kah?
 Tim SMKâœŠ,0,Tim SMK
 Man,0,MAN
Takut yang di bawah juga ada 4,0,takut yang di bawah juga ada 4
 Sharingan e sasuke pindah,0,sharingan nya sasuke pindah
 Modyarrr,0,mati
 Waahh pentil nya berkembang dengan baik ya bunds,-1,wah putingnya berkembang dengan baik ya bund
 Terus Aku sg SLB iso opo,0,terus aku yang SLB bisa apa
 Jilaakk,0,Jilaakk
senyum kamu adalah salah saâ€¦,0,senyum kamu adalah salah
 Semka pride,0,Semka bangga
 Akuuu :( pdhl keluargaku pecinta pete,0,Aku. Padahal kelruargaku pecinta pete
Usum ya? Kaos di pulas ngene iki? https://t.co/6g8wWjGD6f,0,lagi musim ya? Kaos di warna seperti ini
 hoo dab,0,hoo dab
 itu kaya kain bali dibikin najuðŸ˜ðŸ˜‚,0,itu seperti kain bali dibikin naju
 dipulasðŸ™ƒ,0,diwarna
 Jane model kaos ngeneki wis ono ket tahun 2000an,0,Harusnya model kaos seperti ini sudah ada mulai tahun 2000 an
 Tie dye nda,0,tie dye nda
 Tidur Pulas..,0,tidur pulas
 kak? lagi cari app premium? yuk check pinned ku sekarangðŸ¤— harganya terjangkau ada garansi. legal anti baâ€¦ https://t.co/F8PDd4m6OL,0, kak? lagi cari app premium? yuk check pinned ku sekarang— harganya terjangkau ada garansi. legal anti 
Tahun baru puncak La Nina. Tak perlu ada perayaan. Hemat pengeluaran. Kita bantu korban bencana.,1,Tahun baru puncak La Nina. Tak perlu ada perayaan. Hemat pengeluaran. Kita bantu korban bencana.
Sederhana wae. aku lak kangen mung ayo ning pom tumbas bensin 20 ribu terus muter' dan ngobrol diatas motor.,0,Sederhana saja. aku kan kangen tapi ayo ke spbu beli bensin 20 ribu terus muter' dan ngobrol diatas motor.
â€œKowe terlalu apik nggo akuâ€,0,kamu terlalu baik untuk aku
Terlalu mengada-ada...,0,terlalu mengada-ada
Sak ombo-â€¦,0,se luas
 ngeri liatnya ajg,-1,ngeri lihatnya ajg
 geleuh anjir wkwk,-1,penghinaan anjir wkwk
 sing asli dispidol,0,yang asli pakai spidol
 Aku SMA pak bos,0,aku SMA pak bos
 Wkwkwk,0,wkwk
Nggawe ah.... https://t.co/YTTRjlm8WF,0,buat ah
Koe seko SMA po SMK?,0,kamu dari SMA apa SMK?
â€œRasah digagasâ€,0,tidak usah digagas
 Sometimes :),0,terkadang
 Kakean overthingking,0,kebanyakan overthinking
 Enek wong nyengak sitik e kepikiran e 2 dino :),0,ada orang menyebalkan sedikit saja kepikirannya 2 hari
 Bangke,-1,bangke
 Jindull..,0,jindul
 Yahmene kok isih mencintaimu barang ðŸ˜°,0,sekarang kok masih mencintaimu segala
â€œKancaku kae yo pinter bla bla blaâ€,0,temanku itu juga pintar
Sing jarene â€œkancakuâ€ kuwi padahal asline ra kenal kowe blas.,-1,yang katanya temanku itu padahal aslinya tidak kenal sama sekali
 Haiyo to yoðŸ˜’,0,hayo lo
 malah biasane awake dewe,0,malah biasanya kita sendri
 Smk tpi salah jurusanðŸ˜­,0,SMK tapi salah jurusan
 Seko atimu,0,dari hatimu
 Wangun,0,wangun
Rencana meh tuku seserahan neng 12.12 yang akan datang..,0,rencana hampit beli seserahan di 12.12 yang akan datang
 Kok aku mikire malah kesetrum sehh kenapa otak ku tuhðŸ˜­,0,kok aku mikirnya malah tersengat listrik ya kenapa otakku
 nyicilo seserahane disek mas dam,0,cicil dulu seserahannya mas dam
Kadang macak goblok iku yo perlu,1,kadang berlagak bodoh itu juga perlu
Bukan nyindir.,-1,bukan nyindir
Jodoku ng ndi Gusti......?,0,jodohku dimana Tuhan?
Kesel aku le nggoleki enggak ketemu terus.,-1,capek aku kalau cari tidak ketemu terus
 Hari yang baik buat puasa ki tanggal 20 munggah min,1, Hari yang baik buat puasa itu tanggal 20 keatas min
 Bertahan neng keadaan seng ora dikarepke Kui sumpek cukk!! Sumpah :'(,-1,bertahan di keadaan yang tidak diharapkan itu tidak enak cukk!! Sumpah
Kerjo tak tekuni.,0,kerja aku tekuni
Dolan tak kurangi.,0,main aku kurangi
Duit tak celengi.,0,uang aku tabung
Sileh wong gak mbalik.,-1,dipinjam orang tidak dikembalikan
 Kejadian ya dmna??,0,kejadiannya ya dimana?
 12.12 checkoutnya seserahan ,0, 12.12 checkoutnya seserahan 
 Cocok nggo tirakatan,0,coock untuk penghematan
 Ampun bang jago,0,ampun bang jago
 STMðŸ¤Ÿ,0,STM
Uasu polisine,-1,sialan polisinya
 smk,0,SMK
 S E M O N G K O,0,semangka
 Nrimo ing pandum. Ndekar ndeker yoi,0,Menerima dengan pemberian
 Koyo sasirangan,0,Seperti sasirangan
Indonesia sedang dijajah kalo kalian paham ðŸ˜Š,0,Indonesia sedang dijajah kalo kalian paham
 By ink manifes ðŸ¤£ðŸ¤£,0,by ink manifes
Pengen lemu https://t.co/yDeCKG0UpK,0,ingin gemuk
 Tukeran yuk hyung,0,tukeran yuk hyung
 Tiwas tak tunggu jbl raenek opoÂ²,-1,percuma aku tunggu ternyata tidak ada apa-apa
Piye to? Yo kerja keraslah...,-1,bagaiman sih? Ya kerja keras lah
 PENGEN KAMU,0,pengen kamu
 senengan e kok ngawe ngiler to min,0,sukanya kok bikin ngiler min
Ada dua penyebab,0,Ada dua penyebab
Kreminen nek ra kopeten..,0,cacingan kalau tidak kopeten
Kalo kopeten biasanya barkuwi di ambu dhisek tangane.. https://t.co/HzLwYG2aP1,0,kalau kopeten biasanya setelah itu dicium baunya dulu tangannya
 Iki golek ngende mas??,0,ini cari dimana mas?
 Mauuuu,0,mau
 G biasa mesoh rek. Tapi Iki kok nggilani ðŸ˜­ðŸ˜­ðŸ˜­ðŸ˜­,-1,gak biasa mengumpat guys. Tapi ini kok menjijikkan
Tulungi mripatkuuuu ðŸ˜­,0,tolong mataku
 Nggilani suuuu,-1,menjijkan suu
bojomu royðŸ˜­ðŸ˜‚,0,pasanganmu
 gilaniðŸ˜­ðŸ˜©,-1,jijik
 Mantap kali bu :),0,mantab sekali bu
 Tulung sering2o adus ben rak kreminen,0,tolong sering mandi biar tidak cacingan
Kalo disini namanya litel bondi...,0,kalau disini namanya litel bondi
 di losssno drijine mlebu ,0,dibiarkan jarinya masuk
metuÂ² nemu koin lima ngatusan,0,keluar menemukan koin lma ratusan
Ada dua penyebab,0,ada dua penyebab
 Kreminem cuk,-1,cacingan cuk
Sing sok nulis  nama pacare ng mejo kursi tembok dan sbagaimna ..,0,yang sok nulis nama pacarnya di meja kursi tembok dan sebagaimana
Piee wes do rabi rung opo wes genti pasanganðŸ˜¬ðŸ˜¬âœŒ,0,bagaimana sudah pada nikah apa sudah ganti pasangan
KENTIR = adalah suatu kondisi dimana posisi utek dalam keadaan MLENGSE.,0,KENTIR = adalah suatu kondisi dimana posisi utek dalam keadaan tidak tepat.
 He arek iki yo ra sopan,-1,anak ini juga tidak sopan
 Nikmat kali buu,0,nikmat sekali bu
Jombang Mojokerto,0,jombang mojokerto
Tiwas disayang malah karo wong liyo,-1,percuma disayang malah sama orang lain
Mending iPhone 12 opo deâ€™e moro neng wong tuwomu kondo â€œbadhe ajeng pasang peningsetâ€?,0,mending iphone 12 atau langsung ke orang tuamu bilang ingin memberi seserahan
 aku ga gelem merasa geli sendiri.,0,aku tidak masu merasa geli sendiri
Sekalian meet up ,0,sekalian meetup disini
 Silite krawiten ncen angel kakean nglemplok klopone makne,-1,pantatnya cacingan memang sulit kebanyakan makan kelapa ibunya
 kayak disumsum yg dipengeni amel,0, kayak disumsum yg dipengeni amel
 Peningset k opo to mas ?,0,peningset itu apa ya mas?
 Jancok delok e ,-1,sialan lihatnya
 Mending sampean moro neng omahku masðŸ˜,0,mending anda langsung datang ke rumahku mas
 peningset,0,seserahan
Malah itung-itungan...,0,malah hitung-hitungan
Mbok dijawab sek mas adam,0,tolong dijawab dulu mas adam
Dijawab dulu mas adam ,-1,dijawab dulu mas adam 
rabi karo nangis,-1,nikah sambil menangis
 ip 12 soale aku iseh sekolah hhh,0,iphone 12 soalnya aku masih sekolah
 Apa ini yg namanya disun peng dua,0,apa ini yang namanya dicium dua kali
 woilah lg madang kii,0,lagi makan ini
 Tonggomu,0,tetanggamu
 Pesimis,-1,pesimis
 Aku purune iP 15 mas:(,0,aku maunya iP 15 mas
 sarane Bpk mas pin ,0,sarannya Bpk mas pin
 Ending e paling mantap.,0,endingnya paling mantab
memelihara thuyol wkwwkwkwk,0,memelihara tuyul wkwk
 Mending iphone  iso dijual maneh gawe tuku hp biasa oleh akeh,0,mending iphone bisa dijual lagi buat belu hp biasa dapat banyak
 Emak kamu nih,0,emak kamu nih
 Gilani cok,-1,menjijikkan sialan
 Ora milih Kabeh mending aku turu,0,tidak milih semua mending tidur
 Kuncinya hanya satu gesss ðŸ˜ŒðŸ‘Œ,0,kunciny hanya satu gess
 Your silitðŸ˜­,-1,pantatmu
 Tiwas serius nyimak ðŸ˜­ðŸ˜­ðŸ˜­,0,percuma serius menyimak
 Mending duaÂ²nya deh,0,mending dua-duanya
 kok ra ono seng mending lek,0,kok tidak ada yang mending 
 iPhone 12 ae soale de.e gak mungkin Moro Nang wong tuwo ngomong ngunu,0,iphone 12 saja soalnya dia gak mungkin datang ke orang tua bilang begitu
 Kelakuanmu nek gek ndelok pawai ng kota,0,kelakuan kamu kalau lagi lihat pawai di kota
nyapo se iki ðŸ¤£,0,ngapain sih ini
 bojomu mblo wkw ,0,pasanganmu mblo wkwk
tuwas wis sayang eh dianggep mung sewates konco,-1,percuma sudah sayang eh hanya dianggap sebatas teman
 peningset,0,seserahan
 Yaampun bund tanganya aktif bgt ya.,0,ya ampun bund tangannya aktif banget ya
 Ngekek,0,ngakak
Senja h,0,senja
 kenek sindrom litel bondie,0,kena sindrom litel bondie
 Tiwas serius delok jebol endinge memelihara tuyulðŸ˜­,-1,percuma serius lihat malah endingnya memelihara tuyul
 Santuy ya bund:â€),1,santai ya bund
Aku gemati ning disio-sio,0,aku perhatian namun disia-sia
 Ya Allah lagi apasi bund geleuh banget jujurâ˜¹ï¸,0,Ya allah lagi apasi bund penghinaan banget jujur
 Nikmat ya bund ðŸ˜‚,0,nikmat ya bund
 Ikutan ðŸ˜ðŸ˜ https://t.co/A0NwZa27qq,0,ikutan
 Asu yaaaðŸ¤£,-1,asu ya
 YekkkkðŸ¤£ðŸ¤£ðŸ¤£,0,yek
 Ada yg nyari posisi aslinya dimana ?,0, Ada yg nyari posisi aslinya dimana ?
 Utik utiknya mulai aktif ya momsðŸ¤£,0,pegang-pegangnya mulai aktif ya mom
 Astagfirullah ngilanii.,-1,astaghfirullah menjijikkan
 Hayo peningset sak iPhone 12 e kokðŸ¤£,0,hayo seserahan sama iphone 12 nya kok
 abot lur :â€,0,berat lur
Ora nduwe ss chat uwu sing isoh tak aplut.. :(,0,tidak punya ss chat uwu yang bisa aku upload
Ikan hiu makan gori,0,ikan hiu makan gori
Nembe ketemu wes lali,0,abru ketemu sudah lupa
i' m sorry good bye mbakyu ,-1,maaf selamat tinggal kak
 kreminenðŸ˜­,0,cacingan
 Sakno hahaha . Podo ðŸ¤¦ðŸ»â€â™‚ï¸,0,kasihan. Haha. Sama
 Due ne ss chat uwasu,-1,punyanya ss chat uwasu
 Johhh hhh,0,joh
 Dikukur nganti sigar,0,digaruk hingga terbelah
 Aku ndue min ng ro lanangan,0,aku punya min yang tahu cowok
 Ngene iki uwu po ga? https://t.co/hbMPJejc5E,0,seperti ini uwu apa tidak?
 Jelmaan Bu tejoo ndelalah,-1,jelmaan bu tejoo
tuko jajal aku tak nyawang,0,coba aku mau melihat
 Akeh tunggale mas  https://t.co/dpRg10hnCS,0,banyak lainnya mas
 Ngakakkk wwkwk,0,ngakak wkwk
iPhone 12 isoh ra sih nggon keyboard qwerty di kei begron fotone deâ€™e?,0,iphone 12 bisa nggak sih tempat keyboard qwerty dikasih background foto?
 iphon 15 ranek layar e,0,iphone 15 tidak ada layarnya
 Kelakuane,-1,kalakuannya
Masio gak ono sing ngelingke 'mas ws maem urung ?',0,"walau tidak ada yang mengingatkan ""mas sudah makan belum?"""
Aku tetep nekad mangan ðŸ™‚,0,aku tetap nekat makan
 Nek ki kebiasaane mesti kongono,0,kalau ini kebiasaannya oasti seperti itu
Syulittt ene ikiðŸ˜­,-1,sulit sekali ini
 Ngakakkk ðŸ˜­,0,ngakak
Tapi wasap'e rame banget koyok ternak manuk. Hmm,0,tapi whatsapp nya tamai banget seperti ternak burung. Hhmm
 Cuk kon tuku pc gaming yo,-1,cuk kamu beli pc gaming ya
 lawak,0,lelucon
ya allah tolong sampekan padanya aku kangen najan iseh bojone wong aku kanggo,0,ya allah tolong sampaikan padanya aku kangen namun masih pasangan orang aku untuk
 Info iphone murah bunda,0, Info iphone murah bunda
 They make a problem. And then sell a solution,0,mereka membuat problem dan kemuadian menjual solusi
 NgakakkðŸ¤£,0,ngakak
universal ,0,universal 
 iki prabu Siliwangi jajal jurus anyar makane angin gedhe,0,ini prabu siliwangi coba jurus baru sehingga anginnya besar
 Angine mosak masik koyo masalahku,-1,anginnya porak poranda seperti masalahku
 Wes wes repot,0,sudahsudah repot
 Haa ngumbulke layangan wae broo,0,haa nerbangin layangan saya bro
 Loske wae,0,terus saja
 Yowes rapopo,0,ya usdah tidak apa-apa
 Iphone 15 ttep ganok seng ngechat,0,iphone 15 tetap tidak ada yang ngechat
Solusi charger iPhone 12 https://t.co/Vi6RxKfTS6,0,Solusi charger iPhone 12
 Podo,0,sama
 yowis turu,0,yasudah tidur
 TOPðŸ¤£,1,top
 Kyp aku nyapu kro misuh misuh,-1,aku nyapu sambil mengumpat
 Semrawut koyok ati ku,-1,berantakan seperti hatiku
 ealah hoo,0,ealah bro
weitsss,0,tunggu
 Koyo tumbas berbi e mainan dan rumah-rumahan dijuan terpisah,0,seperti beli barbie mainan dan rumah-rumahannya dijual terpisah
 Angin e mobat mabit kakean titipan,0,anginnya terombang ambing kebanyakan titipan
 Nek wes kenek angin soyo tak orat arit. Mbek ngoceh. Ngunu yo tak saponi mane. Koyok wong edan moreng2 mbi lara'an.,-1,kalau sudah kena angin makin aku obrak abrik sambil berbicara. Begitu juga aku sapu lagi. Seperti orang gila marah-marah ke sampah
 Ambyar,0,ambyar
 Yoh yoh sing semangat yoh,1,yang semangat ya
Sibuk golek cara nggo bahagiake anake wong tapi lali cara bahagiake wong tuane dewe ðŸ£,-1,sibuk cari cara untuk membahagiakan anaknya orang tapi lupa cara membahagiakan orang tuanya sendiri
 yowessory,0,yasudah maaf
 konsepe sue2 koyo tamiya a masðŸ˜­ðŸ˜­,0,konsepnya lama-lama seperti tamiya mas
 Nek sego goreng mawut yo enak,1,kalau nasi goreng mawut ya enak
Mugo ndang rampung. ðŸ§¡,0,semoga cepat selesai
Pernah Solo - Pacitan sak juz... suwung banget ðŸ˜³,0,Penah solo - pacitan. Sepi banget
 hyungðŸ˜­,0,hyung
 Wah bagi2 warisan mesti,0,wah pasti bagi-bagi warisan
 Siomi wae broo :v,0,siomi saja bro
 ra duwe nder. chatku isine tukaran tok,0,tidak punya nder. Chatku isinya debat semua
 Ga gitu konsepnya sayangðŸ˜,0,tidak begitu konsepnya sayang
 Ipon 20 jur koyok opo cak... Opo kamerane tambah 5 yo,0,ipon 20 seperti apa ya. Apa kameranya tambah 5 ya
 Loh iya po?,0,iya kah?
 wkwk kocak,-1,wkwk konyol
 Ne ngrakit tamiya seh iso aku lur,0,kalau ngerakit tamiya aku bisa lur
 Podo aku gak dueeeeee ðŸ˜­ðŸ˜­,0,sama aku tidak punya
 ah sip lah,0, ah sip lah
 Ditlateni wae le mumet,0,diseriusin saja kalau pusing
 Same energy,0,energi sama
 Kakean sambat samean wi,-1,kebanyakan mengeluh kamu itu
 Oalah Jan jebul darah rendah,0,oalah akhirnya darah rendah
 karo di isi semongko to,0,sambil diisi semangka to
 mumet le kakean turu lek,-1,pusing kalau kebanyakan tidur
 Tetep bersyukur apapun keadaanya,1, Tetep bersyukur apapun keadaanya
From this                        to this https://t.co/rnigibjgu1,0,dari ini ke ini
 Mumet yo mung dipikir dewe,-1,pusing ya hanya dipikir sendiri
 Ditelateni wae lak ngko ono hasile,1,sabar saja nanti ada hasilnya
Iphone 15 mending ngerakit pc,0,iphone 15 mending rakit pc
 Membentuk pemilik yg kreatif dan cerdas.,1, Membentuk pemilik yg kreatif dan cerdas.
Cara balas dendam yang baik Adalah menjadi lebih baik.,0,Cara balas dendam yang baik Adalah menjadi lebih baik.
I have crush on you!,1,aku suka kamu
Lhek wis seneng yo ojo gawe dolanan.,0,kalau sudah senang ya jangan dibuat mainan
sialah kan yg mau piknik ke jepara /ke karimun jawa bisa di antar jempun dgn armada terbaru family karimun jawa call/waâ€¦,0,sialah kan yg mau piknik ke jepara /ke karimun jawa bisa di antar jempun dgn armada terbaru family karimun jawa call
 Cepu Ki onone,0,adanya ini Cepu
mengeluh ,-1,mengeluh
 Sabar lur yen posisi lagi ng sandinge cacing,0,sabar lur kalau posisi di sebelahnya cacing
 Enak isi wortel karo toge,0,enak isi wortel dan taoge
 tinggal turuu,0,tinggal tidur
 jingan,0,jingan
Arek jawa timur ini bener tah? https://t.co/EBVQhnPGHr,0,Anak jawa timur ini benar kah?
 Pengene dirampungke nek pas wis adem.Tp nek jek tetep menggebu2 yo blok ae ngenteni adem lagi ngomong,-1,inginnya diselesaikan jika sudah dingin tapi jika tetap menggebu-gebu ya blok dulu menunggu dingin baru bicara
Karete mawut koyo atiku https://t.co/Ik5DcR3Hw3,0,karetnya berantakan seperti hatiku
 dirampungke lahhh,0,diselesaikan lah
 Eee apik,1,bagus
Anake pak Wahono ayumennnnnn...,1,anaknya pak wahono cantik sekali
 apikk,1,bagus
gawe ngeneee,0,buat seperti ini
 Loh lagek ngerti aku Ono Seng Arab:( Tak kiro jepang ntok,0,baru tau aku ada yang arab. Aku kira jepang saja
 Lagek reti aku Ono Seng Arab Tak kiro jepang ntok mas:(,0,baru tau aku ada yang arab aku kira jepang saja mas
 Kok apikðŸ˜,1,kok bagus
Wang sinawang :),0,melihat
 Pedot laaahhh,0,putus lah
coba tawarin ke mister crab ,0,coba tawarin ke mister crab 
 Dirampungke,0,diselesaikan
 Hp ipon ra tembus ko ngono ??  ðŸ¤£,0,hp ipon tidak tembus kok begitu?
 wani 50k nek anggerr vidione wes kedonwload kabeh wkawka,0,Berani 50k kalau videonya sudah terunduh semuanya
Jare kesepian renek sing ngechat.,-1,katanya kesepian tidak ada yang chat
Rame mu milih-milih nok~,0,Rame mu pilih-pilih nok
Randuwe duit blas..,-1,tidak punya uang sama sekali
 Ijab tok wae bayar  KUA 600 ðŸ˜‚,0,ijab saja bayar KUA 600
 Ijab tok wae bayar KUA 600k + salam tempel naib e 100k ðŸ˜‚,0,ijab saja bayar KUA 600k + salam tempel 100k
alhamdulilah sah ðŸ˜‚,0,alhamdulilah sah
 MOSO,0,masa?
Sing nyawang kakean cangkem.,-1,yang melihat kebanyakan omong
 Dikon ng warung wae diomongi 'kono diajak le ben karo mlaku mlaku' ,0,disuruh ke warung saja sambil dibilangin 'sana diajak le biar sama jalan-jalan'
 Dieng a? ðŸ¤£,0,diang kah?
akua galon ae tak ceritani kisah urepku ngasi nangis gluguk - gluguk,0,aqua galon saja aku ceritain kisah hidupku sampai nangis gluguk gluguk
Sudah bersyukur kah hari ini?,1,Sudah bersyukur kah hari ini?
 maapin aku hhd,0,maafin aku hhd
Harta,0,harta
Tahta,0,tahta
Bojomu Bekasku.,-1,pasanganmu bekasku
Akwokwokwok,0,Akwokwokwok
 ra ndue duit ra ndue yang ra ndue oponeh sekirane lengkap,0,tidak punya uang tidak punya yang tidak punya apalagi seiranya lengkap
 Ha seng ngechat saben jam takone lagi apa terus hyung yo aku males ,0,ha yang chat aku setiap jam tanyanya lagi apa terus jyung aku ya malas
 Sami,0,sama
 halah podo,0,halah sama
Sebuah jawaban dari â€œMas Adamâ€ https://t.co/2S3RblSdjz,0,sebuah jawaban dari mas
 Blokirblokiran ekek,0,blokir blokiran ekek
 Ah damput deh ðŸ™„,-1,ah damput deh
Aku nduwe pengalaman loro ati sing nek di eling-eling marai mbatin â€œpekok banget yo akuâ€,-1,aku punya pengalaman sakit hati yang jika dingat-ingat bikin terpikir bodoh banget ya aku
Dadi ngene ceritane...,0,jadi gini ceritanya
 Hee akhire deen nemu liyane,0,hee akhirnya dia menemukan yang lain
Tiwas tak rewangi melek smpe bengi mung ngenteni balesan chat e,-1,percuma aku bantu begadang sampai malam hanya menunggu balasan chatnya
 hehe,0,hehe
 Olha fucek,-1,olha fucek
 Nah kan,0,nah kan
 Masokkk,0,masuk
 Agree!,0,setuju
Padahal yoo aku 200k untuk jaket dan kaos | Hanya sampai akhir bulan,0,padahal ya aku 200k untuk jaket dan kaos | Hanya sampai akhir bulan 
 Lha nek jawab e â€œayo golek bahagia barengâ€ pie wi maksute?,0,lha kalau jawabannya 'ayo cari bahagia bersama' gimana itu maksudnya?
 mundur e timbang kunduran,0,mundur saja timbang terdorong mundur
 Oh ngono to,0,oh begitu ya
 Makanya jgn ngikutin gengsiðŸ¤£,0,makanya jangan ngikut gengsi
dijalani dulu tapi jalannya sama orang lain :),0,dijalani dulu tapi jalannya sama orang lain 
 Celeng ra ono duite,0,celengan tidak ada uangnya
 Woalahh dadi maksud e ngene to ðŸ™‚,0,woalahh jadi maksudnya begini ya
 'jalani dulu aja' OMONG AE LEK MOH TERIKAT ALIAS MBEN ISOK NGALOR NGIDUL MBE WEDOKAN LIYO TA COKKðŸ˜¡ðŸ˜”,0,jalani dulu aja' bilang aja kalau tidak mau terikat alias nanti bisa kesana kemari sama perempuan lain kan cok?
 Eh salah server keknya,0, Eh salah server keknya
 nemu ginian di shopee live https://t.co/48WZHXeisj,0,nemu ginian di shopee live
 Podo lurr same energy. Oke mas adam ,0,sama lurr energi yang sama. Oke mas adam 
 Asuuuuu ðŸ˜‚,-1,Asuuu
 wong wedok e jawabane sok yo ngono kok -.-,0,perempuan jawbannya sok ya bgitu
 Bwkakakaa kolam renang opo samudra hidia iku cak kok 3000m,0,Bwkakakaa kolam renang apa samudra hindia itu cak kok 3000m
 Arep adol sawah wae ðŸ˜‚,0,mau jualan sawah saja
 Sepurane nggih mas,0,maaf ya mas
 Kui pengetahuan dasar sih menurutku,0,itu pengetahuan dasar sih menurutku
 sekalian: kabare pie? utangi duete ðŸ™ðŸ½,-1,sekalian : kabar bagaimana? Pinjemin uangnya
 Sepurane nggih mas e,0,maaf ya mas
 Nggih ngertos,0,iya paham
 Ok,0,ok
 wes gur ranguntal,0,sudah tinggal dua suapan
 Nyuwun tulung min golekke yang,0,minta tolong min carikan yang
 Ada yang jual lumut? Nggo mancing...,0, Ada yang jual lumut? buat mancing...
 Hala nak ini Sik di walik pie masðŸ¤£Sik wedok Muni ' jalani aja dulu' apa artine ya Podo ...opo hanya anggâ€¦ https://t.co/2LUo2EpMsj,0,hala kalau ini masih dibalik gimana mas ' cewe bilang jalanin aja' apa artinya ya sama.. Apa hanya
 Sido mancing nko bngi mas? wkwk,0,jadi mancing nanti malem mas?
 Ada nya yg lumutan nungguin dia dtg tapi omdo,-1, Ada nya yg lumutan nungguin dia dtg tapi omdo
 matursuwun kini aku paham,1,terima kasih kini aku paham
 Ameh neng rowo jombor mas,0,banyak di rawa jombor mas
 piye ? Seh pengen rabi ?,0,gimana? Masih ingin nikah?
 BetyulðŸ¤£,0,betul
Kukira udah sayang,-1,kukira uda sayang
Eh taunya cuma udah siang,0,Eh taunya cuma udah siang
Kan bangst.,-1,Kan bangst.
Pulang ngaret breakfast nya jangab bayem ,0,Pulang ngaret breakfast nya sayur bayem
Selamat ulang tahun sehat selalu.,0,Selamat ulang tahun sehat selalu.
kira2 begini....,0,kira2 begini....
 Saat itu aku tidak dengan orang tua podo aku ,0, Saat itu aku tidak dengan orang tua aku sama 
 Njaluk di tapok lambene,-1,minta ditampar mulutnya
 Kadang ngapunten karo maturswun dilali ne,-1,kadang maaf dan terima kasih dilupakan
 Oke mas adam makasih aku saiki wes mudeng,0,oke mas adam makasih aku sekarng sudah paham
 Nitip mas,0, Nitip mas
 Sad:(,-1,sedih
 Rung ngeleh pak,0,belum pindah pak
 Valid. Aku ya tau diginiin. Trus akhire wonge kro wong liya.,0,valid. Aku juga pernah diginiin. Trus akhrinya orangnya sama orang lain
 owalah ngono jebul,0,oalah begitu ternyata
 kok aku sing mesti ngomong ngene 'kan aku ga ngerti besok km bakalan nikah sama siapa' tp dee seng kekehâ€¦ https://t.co/QBse7oH7zi,-1,kok aku yang selalu bilang gini 'kan aku gak ngerti besok kamu bakalan nikah sama siapa' tapi dia yang kekeh
 Iyo sepurane nok,0,iya maaf nok
 Nek dijwb ngrlantur artine opo,-1,kalau dijawab ngelanjur artinya apa
jika dia jodohku maka jagalah dia tuhan jangan biarkan dia berdampingan dgn yang lain ,-1,jika dia jodohku maka jagalah dia tuhan jangan biarkan dia berdampingan dgn yang lain 
nnti ndak aq cangkeman_-,0,nanti di aku ngobrol-ngobrol
Bird migration in Europe tracked by GPS. https://t.co/e9U4EZ0vzf,0,Bird migration in Europe tracked by GPS. 
Berjuang dewe ki gak Abot.,-1,berjuang sendiri itu tidak berat
Ngko bengi malming,0,nanti malam malmingan
Wayahe kulakan janji manis ðŸ˜‹,0,waktunya beli janji manis
 Wkwkwkwk hopelessssss,-1, Wkwkwkwk hopelessssss
 nyindir alus,-1,nyindir halus
 Kadang wes ngomong ternuwun wae tetep ora direganiðŸ™‚,-1,kadang sudah bilang terimakasih saja tetap tidak dihargai
 Akibat nikah mikirin netizen,0, Akibat nikah mikirin netizen
Patuh pada suami iku yo bener ancne tpi yo anak mu iku rumaten seng nggenah ðŸ˜’,1,patuh pada suami itu ya benar memang tapi ya anak kamu itu dirawat yang benar
Yang lagi dijogja?,0,Yang lagi dijogja?
Tapi atiku siap nek ming mbok larani,-1,tapi hatiku siap untuk kamu lukai
 rene ii aku jaoooo,0,kesini aku minta
 Ngene lho buuuu,0,begini lo bu
 Jalani dulu aja berarti masih belum yakin dg hubungan itu,0, Jalani dulu aja berarti masih belum yakin dg hubungan itu
Siap,0,siap
naliko aku ra nde duit bilek,-1,ketika aku tidak punya uang bilek
plis,0,plis
Ora pengen mekso wong liyo isoh seneng aku.,1,tidak ingin memaksa orang lain agar bisa suka aku
 sibuk karo liyane to mas?,0,sibuk sama lainnya ya mas?
Pada akhirnya kita semua akan bertambah tua. Hidup akan terasa berat jika becandaannya pasanganmu tak mampu membuat kamu teâ€¦,1,Pada akhirnya kita semua akan bertambah tua. Hidup akan terasa berat jika becandaannya pasanganmu tak mampu membuat kamu 
Wis di paringi awak lan ati sing bakoh kanggo ngadepi pacobaning urip.,1,sudah diberi badan dan hati yang kuat untuk menghadapi cobaan hidup
Calon mantu mauwww lewat~,0,calon mantu mau lewat
 wkwkwkw kulinooo,0,wkwk kebiasaan
 Jan lmlm kangen tauk ðŸ˜£,0,lama lama kangen tau
 sibuk ngabari sing liyo,0,sibuk ngabarin yang lain
 Nah nek ngene kan podo penake mas,1,nah kalau gini kan sama-sama enak mas
CemennðŸ‘Ž,-1,cemen
Lagi difase terlalu melelahkan dan semua tampak membosankan,-1,Lagi difase terlalu melelahkan dan semua tampak membosankan
 Tp malah ngabari liane ðŸ˜‚,0,tapi malah ngabarin lainnya
 Bajingan og,-1, Bajingan kok
 'Semangat ya mas',1, 'Semangat ya mas'
 Kasih tau gacekane apasih ðŸ˜¥,0,kasih tau gacekane apaan sih?
Buy it now or cry later âœ¨âœ¨âœ¨ https://t.co/MXkDUs6E26 https://t.co/RPPywkmcr1,0,Buy it now or cry later
 kok dadi pengen ng solo neh yo,0,kok jadi ingin ke solo lagi ya
 Hanya lewat,0,hanya lewat
 nggeh mas sibuk kalian liane to?,0,iya mas sibuk sama lainnya kan?
 Iki ati duduk es teh plastikan sing mbok cantelke lalu engkau tinggalkan,0,ini ati bukan es the plastikan yang kamu gantungin lalu engkau tinggalkan